order_date,주간주문량,제품코드,년,월,주차,전주주문량,2주전주문량,3주전주문량,4주전주문량,2주이동평균,4주이동평균,4주이동표준편차
2023-06-11,48000.0,PRD-001,2023,6,23,0.0,0.0,0.0,0.0,48000.0,48000.0,0.0
2023-06-18,0.0,PRD-001,2023,6,24,48000.0,0.0,0.0,0.0,24000.0,24000.0,33941.12549695428
2023-06-25,0.0,PRD-001,2023,6,25,0.0,48000.0,0.0,0.0,0.0,16000.0,27712.812921102035
2023-07-02,0.0,PRD-001,2023,7,26,0.0,0.0,48000.0,0.0,0.0,12000.0,24000.0
2023-07-09,73920.0,PRD-001,2023,7,27,0.0,0.0,0.0,48000.0,36960.0,18480.0,36960.0
2023-07-16,0.0,PRD-001,2023,7,28,73920.0,0.0,0.0,0.0,36960.0,18480.0,36960.0
2023-07-23,0.0,PRD-001,2023,7,29,0.0,73920.0,0.0,0.0,0.0,18480.0,36960.0
2023-07-30,48000.0,PRD-001,2023,7,30,0.0,0.0,73920.0,0.0,24000.0,30480.0,36751.620372440724
2023-08-06,0.0,PRD-001,2023,8,31,48000.0,0.0,0.0,73920.0,24000.0,12000.0,24000.0
2023-08-13,1920.0,PRD-001,2023,8,32,0.0,48000.0,0.0,0.0,960.0,12480.0,23697.29098441423
2023-08-20,0.0,PRD-001,2023,8,33,1920.0,0.0,48000.0,0.0,960.0,12480.0,23697.29098441423
2023-08-27,0.0,PRD-001,2023,8,34,0.0,1920.0,0.0,48000.0,0.0,480.0,960.0
2023-09-03,48000.0,PRD-001,2023,9,35,0.0,0.0,1920.0,0.0,24000.0,12480.0,23697.29098441423
2023-09-10,0.0,PRD-001,2023,9,36,48000.0,0.0,0.0,1920.0,24000.0,12000.0,24000.0
2023-09-17,0.0,PRD-001,2023,9,37,0.0,48000.0,0.0,0.0,0.0,12000.0,24000.0
2023-09-24,0.0,PRD-001,2023,9,38,0.0,0.0,48000.0,0.0,0.0,12000.0,24000.0
2023-10-01,0.0,PRD-001,2023,10,39,0.0,0.0,0.0,48000.0,0.0,0.0,0.0
2023-10-08,0.0,PRD-001,2023,10,40,0.0,0.0,0.0,0.0,0.0,0.0,0.0
2023-10-15,0.0,PRD-001,2023,10,41,0.0,0.0,0.0,0.0,0.0,0.0,0.0
2023-10-22,0.0,PRD-001,2023,10,42,0.0,0.0,0.0,0.0,0.0,0.0,0.0
2023-10-29,40320.0,PRD-001,2023,10,43,0.0,0.0,0.0,0.0,20160.0,10080.0,20160.0
2023-11-05,48000.0,PRD-001,2023,11,44,40320.0,0.0,0.0,0.0,44160.0,22080.0,25687.849267698533
2023-11-12,0.0,PRD-001,2023,11,45,48000.0,40320.0,0.0,0.0,24000.0,22080.0,25687.849267698533
2023-11-19,0.0,PRD-001,2023,11,46,0.0,48000.0,40320.0,0.0,0.0,22080.0,25687.849267698533
2023-11-26,20160.0,PRD-001,2023,11,47,0.0,0.0,48000.0,40320.0,10080.0,17040.0,22722.81672680568
2023-12-03,0.0,PRD-001,2023,12,48,20160.0,0.0,0.0,48000.0,10080.0,5040.0,10080.0
2023-06-11,15000.0,PRD-002,2023,6,23,0.0,0.0,0.0,0.0,15000.0,15000.0,0.0
2023-06-18,0.0,PRD-002,2023,6,24,15000.0,0.0,0.0,0.0,7500.0,7500.0,10606.601717798212
2023-06-25,0.0,PRD-002,2023,6,25,0.0,15000.0,0.0,0.0,0.0,5000.0,8660.254037844386
2023-07-02,0.0,PRD-002,2023,7,26,0.0,0.0,15000.0,0.0,0.0,3750.0,7500.0
2023-07-09,0.0,PRD-002,2023,7,27,0.0,0.0,0.0,15000.0,0.0,0.0,0.0
2023-07-16,0.0,PRD-002,2023,7,28,0.0,0.0,0.0,0.0,0.0,0.0,0.0
2023-07-23,0.0,PRD-002,2023,7,29,0.0,0.0,0.0,0.0,0.0,0.0,0.0
2023-07-30,0.0,PRD-002,2023,7,30,0.0,0.0,0.0,0.0,0.0,0.0,0.0
2023-08-06,0.0,PRD-002,2023,8,31,0.0,0.0,0.0,0.0,0.0,0.0,0.0
2023-08-13,21000.0,PRD-002,2023,8,32,0.0,0.0,0.0,0.0,10500.0,5250.0,10500.0
2023-08-20,0.0,PRD-002,2023,8,33,21000.0,0.0,0.0,0.0,10500.0,5250.0,10500.0
2023-08-27,0.0,PRD-002,2023,8,34,0.0,21000.0,0.0,0.0,0.0,5250.0,10500.0
2023-09-03,0.0,PRD-002,2023,9,35,0.0,0.0,21000.0,0.0,0.0,5250.0,10500.0
2023-09-10,9000.0,PRD-002,2023,9,36,0.0,0.0,0.0,21000.0,4500.0,2250.0,4500.0
2023-09-17,0.0,PRD-002,2023,9,37,9000.0,0.0,0.0,0.0,4500.0,2250.0,4500.0
2023-09-24,0.0,PRD-002,2023,9,38,0.0,9000.0,0.0,0.0,0.0,2250.0,4500.0
2023-10-01,0.0,PRD-002,2023,10,39,0.0,0.0,9000.0,0.0,0.0,2250.0,4500.0
2023-10-08,3000.0,PRD-002,2023,10,40,0.0,0.0,0.0,9000.0,1500.0,750.0,1500.0
2023-10-15,0.0,PRD-002,2023,10,41,3000.0,0.0,0.0,0.0,1500.0,750.0,1500.0
2023-10-22,0.0,PRD-002,2023,10,42,0.0,3000.0,0.0,0.0,0.0,750.0,1500.0
2023-10-29,0.0,PRD-002,2023,10,43,0.0,0.0,3000.0,0.0,0.0,750.0,1500.0
2023-11-05,0.0,PRD-002,2023,11,44,0.0,0.0,0.0,3000.0,0.0,0.0,0.0
2023-11-12,0.0,PRD-002,2023,11,45,0.0,0.0,0.0,0.0,0.0,0.0,0.0
2023-11-19,0.0,PRD-002,2023,11,46,0.0,0.0,0.0,0.0,0.0,0.0,0.0
2023-11-26,0.0,PRD-002,2023,11,47,0.0,0.0,0.0,0.0,0.0,0.0,0.0
2023-12-03,0.0,PRD-002,2023,12,48,0.0,0.0,0.0,0.0,0.0,0.0,0.0
2023-12-10,10500.0,PRD-002,2023,12,49,0.0,0.0,0.0,0.0,5250.0,2625.0,5250.0
2023-12-17,0.0,PRD-002,2023,12,50,10500.0,0.0,0.0,0.0,5250.0,2625.0,5250.0
2023-12-24,0.0,PRD-002,2023,12,51,0.0,10500.0,0.0,0.0,0.0,2625.0,5250.0
2023-12-31,0.0,PRD-002,2023,12,52,0.0,0.0,10500.0,0.0,0.0,2625.0,5250.0
2024-01-07,9000.0,PRD-002,2024,1,1,0.0,0.0,0.0,10500.0,4500.0,2250.0,4500.0
2024-01-14,0.0,PRD-002,2024,1,2,9000.0,0.0,0.0,0.0,4500.0,2250.0,4500.0
2024-01-21,0.0,PRD-002,2024,1,3,0.0,9000.0,0.0,0.0,0.0,2250.0,4500.0
2023-06-11,0.0,PRD-003,2023,6,23,0.0,0.0,0.0,0.0,0.0,0.0,0.0
2023-06-18,0.0,PRD-003,2023,6,24,0.0,0.0,0.0,0.0,0.0,0.0,0.0
2023-06-25,0.0,PRD-003,2023,6,25,0.0,0.0,0.0,0.0,0.0,0.0,0.0
2023-07-02,0.0,PRD-003,2023,7,26,0.0,0.0,0.0,0.0,0.0,0.0,0.0
2023-06-11,37500.0,PRD-004,2023,6,23,0.0,0.0,0.0,0.0,37500.0,37500.0,0.0
2023-06-18,6000.0,PRD-004,2023,6,24,37500.0,0.0,0.0,0.0,21750.0,21750.0,22273.863607376246
2023-06-25,12000.0,PRD-004,2023,6,25,6000.0,37500.0,0.0,0.0,9000.0,18500.0,16725.72868367773
2023-07-02,0.0,PRD-004,2023,7,26,12000.0,6000.0,37500.0,0.0,6000.0,13875.0,16494.317203206687
2023-07-09,25500.0,PRD-004,2023,7,27,0.0,12000.0,6000.0,37500.0,12750.0,10875.0,10911.576421397598
2023-07-16,13500.0,PRD-004,2023,7,28,25500.0,0.0,12000.0,6000.0,19500.0,12750.0,10428.326807307105
2023-07-23,1500.0,PRD-004,2023,7,29,13500.0,25500.0,0.0,12000.0,7500.0,10125.0,11898.004034290794
2023-07-30,3000.0,PRD-004,2023,7,30,1500.0,13500.0,25500.0,0.0,2250.0,10875.0,11115.867037707854
2023-08-06,0.0,PRD-004,2023,8,31,3000.0,1500.0,13500.0,25500.0,1500.0,4500.0,6123.724356957945
2023-08-13,54000.0,PRD-004,2023,8,32,0.0,3000.0,1500.0,13500.0,27000.0,14625.0,26278.55589639583
2023-08-20,6000.0,PRD-004,2023,8,33,54000.0,0.0,3000.0,1500.0,30000.0,15750.0,25617.376914898996
2023-08-27,6000.0,PRD-004,2023,8,34,6000.0,54000.0,0.0,3000.0,6000.0,16500.0,25159.49125081825
2023-09-03,19500.0,PRD-004,2023,9,35,6000.0,6000.0,54000.0,0.0,12750.0,21375.0,22661.917394607193
2023-09-10,13500.0,PRD-004,2023,9,36,19500.0,6000.0,6000.0,54000.0,16500.0,11250.0,6538.34841531101
2023-09-17,1500.0,PRD-004,2023,9,37,13500.0,19500.0,6000.0,6000.0,7500.0,10125.0,7972.609359550987
2023-09-24,1500.0,PRD-004,2023,9,38,1500.0,13500.0,19500.0,6000.0,1500.0,9000.0,9000.0
2023-10-01,0.0,PRD-004,2023,10,39,1500.0,1500.0,13500.0,19500.0,750.0,4125.0,6289.872812704562
2023-10-08,22500.0,PRD-004,2023,10,40,0.0,1500.0,1500.0,13500.0,11250.0,6375.0,10773.230713207622
2023-10-15,1500.0,PRD-004,2023,10,41,22500.0,0.0,1500.0,1500.0,12000.0,6375.0,10773.230713207622
2023-10-22,10500.0,PRD-004,2023,10,42,1500.0,22500.0,0.0,1500.0,6000.0,8625.0,10347.10104328744
2023-10-29,3000.0,PRD-004,2023,10,43,10500.0,1500.0,22500.0,0.0,6750.0,9375.0,9594.920531197744
2023-11-05,19500.0,PRD-004,2023,11,44,3000.0,10500.0,1500.0,22500.0,11250.0,8625.0,8250.0
2023-11-12,15000.0,PRD-004,2023,11,45,19500.0,3000.0,10500.0,1500.0,17250.0,12000.0,7035.623639735144
2023-11-19,13500.0,PRD-004,2023,11,46,15000.0,19500.0,3000.0,10500.0,14250.0,12750.0,6982.120021884471
2023-11-26,12000.0,PRD-004,2023,11,47,13500.0,15000.0,19500.0,3000.0,12750.0,15000.0,3240.37034920393
2023-12-03,46500.0,PRD-004,2023,12,48,12000.0,13500.0,15000.0,19500.0,29250.0,21750.0,16545.392107774296
2023-12-10,10500.0,PRD-004,2023,12,49,46500.0,12000.0,13500.0,15000.0,28500.0,20625.0,17293.42360552126
2023-12-17,21000.0,PRD-004,2023,12,50,10500.0,46500.0,12000.0,13500.0,15750.0,22500.0,16658.331248957682
2023-12-24,4500.0,PRD-004,2023,12,51,21000.0,10500.0,46500.0,12000.0,12750.0,20625.0,18548.921801549546
2023-12-31,3000.0,PRD-004,2023,12,52,4500.0,21000.0,10500.0,46500.0,3750.0,9750.0,8170.067319184096
2024-01-07,27000.0,PRD-004,2024,1,1,3000.0,4500.0,21000.0,10500.0,15000.0,13875.0,11960.873713905687
2024-01-14,19500.0,PRD-004,2024,1,2,27000.0,3000.0,4500.0,21000.0,23250.0,13500.0,11683.321445547923
2024-01-21,3000.0,PRD-004,2024,1,3,19500.0,27000.0,3000.0,4500.0,11250.0,13125.0,12085.63196527182
2023-06-11,265200.0,PRD-005,2023,6,23,0.0,0.0,0.0,0.0,265200.0,265200.0,0.0
2023-06-18,0.0,PRD-005,2023,6,24,265200.0,0.0,0.0,0.0,132600.0,132600.0,187524.7183706724
2023-06-25,264000.0,PRD-005,2023,6,25,0.0,265200.0,0.0,0.0,132000.0,176400.0,152768.05948888662
2023-07-02,0.0,PRD-005,2023,7,26,264000.0,0.0,265200.0,0.0,132000.0,132300.0,152767.6667361258
2023-07-09,182400.0,PRD-005,2023,7,27,0.0,264000.0,0.0,265200.0,91200.0,111600.0,133100.86400921672
2023-07-16,0.0,PRD-005,2023,7,28,182400.0,0.0,264000.0,0.0,91200.0,111600.0,133100.86400921672
2023-07-23,0.0,PRD-005,2023,7,29,0.0,182400.0,0.0,264000.0,0.0,45600.0,91200.0
2023-07-30,0.0,PRD-005,2023,7,30,0.0,0.0,182400.0,0.0,0.0,45600.0,91200.0
2023-08-06,0.0,PRD-005,2023,8,31,0.0,0.0,0.0,182400.0,0.0,0.0,0.0
2023-08-13,66000.0,PRD-005,2023,8,32,0.0,0.0,0.0,0.0,33000.0,16500.0,33000.0
2023-08-20,0.0,PRD-005,2023,8,33,66000.0,0.0,0.0,0.0,33000.0,16500.0,33000.0
2023-08-27,0.0,PRD-005,2023,8,34,0.0,66000.0,0.0,0.0,0.0,16500.0,33000.0
2023-09-03,118800.0,PRD-005,2023,9,35,0.0,0.0,66000.0,0.0,59400.0,46200.0,57537.46605473689
2023-09-10,0.0,PRD-005,2023,9,36,118800.0,0.0,0.0,66000.0,59400.0,29700.0,59400.0
2023-09-17,0.0,PRD-005,2023,9,37,0.0,118800.0,0.0,0.0,0.0,29700.0,59400.0
2023-09-24,0.0,PRD-005,2023,9,38,0.0,0.0,118800.0,0.0,0.0,29700.0,59400.0
2023-10-01,0.0,PRD-005,2023,10,39,0.0,0.0,0.0,118800.0,0.0,0.0,0.0
2023-10-08,355200.0,PRD-005,2023,10,40,0.0,0.0,0.0,0.0,177600.0,88800.0,177600.0
2023-10-15,0.0,PRD-005,2023,10,41,355200.0,0.0,0.0,0.0,177600.0,88800.0,177600.0
2023-10-22,0.0,PRD-005,2023,10,42,0.0,355200.0,0.0,0.0,0.0,88800.0,177600.0
2023-10-29,0.0,PRD-005,2023,10,43,0.0,0.0,355200.0,0.0,0.0,88800.0,177600.0
2023-11-05,169200.0,PRD-005,2023,11,44,0.0,0.0,0.0,355200.0,84600.0,42300.0,84600.0
2023-11-12,0.0,PRD-005,2023,11,45,169200.0,0.0,0.0,0.0,84600.0,42300.0,84600.0
2023-11-19,0.0,PRD-005,2023,11,46,0.0,169200.0,0.0,0.0,0.0,42300.0,84600.0
2023-11-26,0.0,PRD-005,2023,11,47,0.0,0.0,169200.0,0.0,0.0,42300.0,84600.0
2023-12-03,56800.0,PRD-005,2023,12,48,0.0,0.0,0.0,169200.0,28400.0,14200.0,28400.0
2023-12-10,0.0,PRD-005,2023,12,49,56800.0,0.0,0.0,0.0,28400.0,14200.0,28400.0
2023-12-17,165600.0,PRD-005,2023,12,50,0.0,56800.0,0.0,0.0,82800.0,55600.0,78068.68770512285
2023-12-24,0.0,PRD-005,2023,12,51,165600.0,0.0,56800.0,0.0,82800.0,55600.0,78068.68770512285
2023-12-31,0.0,PRD-005,2023,12,52,0.0,165600.0,0.0,56800.0,0.0,41400.0,82800.0
2024-01-07,140400.0,PRD-005,2024,1,1,0.0,0.0,165600.0,0.0,70200.0,76500.0,88931.6591546565
2024-01-14,0.0,PRD-005,2024,1,2,140400.0,0.0,0.0,165600.0,70200.0,35100.0,70200.0
2024-01-21,0.0,PRD-005,2024,1,3,0.0,140400.0,0.0,0.0,0.0,35100.0,70200.0
2023-06-11,0.0,PRD-006,2023,6,23,0.0,0.0,0.0,0.0,0.0,0.0,0.0
2023-06-18,0.0,PRD-006,2023,6,24,0.0,0.0,0.0,0.0,0.0,0.0,0.0
2023-06-25,0.0,PRD-006,2023,6,25,0.0,0.0,0.0,0.0,0.0,0.0,0.0
2023-07-02,5000.0,PRD-006,2023,7,26,0.0,0.0,0.0,0.0,2500.0,1250.0,2500.0
2023-07-09,2500.0,PRD-006,2023,7,27,5000.0,0.0,0.0,0.0,3750.0,1875.0,2393.567769390845
2023-07-16,7500.0,PRD-006,2023,7,28,2500.0,5000.0,0.0,0.0,5000.0,3750.0,3227.486121839514
2023-07-23,5000.0,PRD-006,2023,7,29,7500.0,2500.0,5000.0,0.0,6250.0,5000.0,2041.241452319315
2023-07-30,2500.0,PRD-006,2023,7,30,5000.0,7500.0,2500.0,5000.0,3750.0,4375.0,2393.567769390845
2023-08-06,0.0,PRD-006,2023,8,31,2500.0,5000.0,7500.0,2500.0,1250.0,3750.0,3227.486121839514
2023-08-13,5000.0,PRD-006,2023,8,32,0.0,2500.0,5000.0,7500.0,2500.0,3125.0,2393.567769390845
2023-08-20,0.0,PRD-006,2023,8,33,5000.0,0.0,2500.0,5000.0,2500.0,1875.0,2393.567769390845
2023-08-27,5000.0,PRD-006,2023,8,34,0.0,5000.0,0.0,2500.0,2500.0,2500.0,2886.751345948129
2023-09-03,2500.0,PRD-006,2023,9,35,5000.0,0.0,5000.0,0.0,3750.0,3125.0,2393.567769390845
2023-09-10,0.0,PRD-006,2023,9,36,2500.0,5000.0,0.0,5000.0,1250.0,1875.0,2393.567769390845
2023-09-17,2500.0,PRD-006,2023,9,37,0.0,2500.0,5000.0,0.0,1250.0,2500.0,2041.241452319315
2023-09-24,5000.0,PRD-006,2023,9,38,2500.0,0.0,2500.0,5000.0,3750.0,2500.0,2041.241452319315
2023-10-01,0.0,PRD-006,2023,10,39,5000.0,2500.0,0.0,2500.0,2500.0,1875.0,2393.567769390845
2023-10-08,2500.0,PRD-006,2023,10,40,0.0,5000.0,2500.0,0.0,1250.0,2500.0,2041.241452319315
2023-10-15,0.0,PRD-006,2023,10,41,2500.0,0.0,5000.0,2500.0,1250.0,1875.0,2393.567769390845
2023-10-22,2500.0,PRD-006,2023,10,42,0.0,2500.0,0.0,5000.0,1250.0,1250.0,1443.3756729740644
2023-10-29,2500.0,PRD-006,2023,10,43,2500.0,0.0,2500.0,0.0,2500.0,1875.0,1250.0
2023-11-05,10000.0,PRD-006,2023,11,44,2500.0,2500.0,0.0,2500.0,6250.0,3750.0,4330.127018922193
2023-11-12,0.0,PRD-006,2023,11,45,10000.0,2500.0,2500.0,0.0,5000.0,3750.0,4330.127018922193
2023-11-19,0.0,PRD-006,2023,11,46,0.0,10000.0,2500.0,2500.0,0.0,3125.0,4732.4236215002275
2023-11-26,0.0,PRD-006,2023,11,47,0.0,0.0,10000.0,2500.0,0.0,2500.0,5000.0
2023-12-03,0.0,PRD-006,2023,12,48,0.0,0.0,0.0,10000.0,0.0,0.0,0.0
2023-12-10,0.0,PRD-006,2023,12,49,0.0,0.0,0.0,0.0,0.0,0.0,0.0
2023-12-17,0.0,PRD-006,2023,12,50,0.0,0.0,0.0,0.0,0.0,0.0,0.0
2023-12-24,0.0,PRD-006,2023,12,51,0.0,0.0,0.0,0.0,0.0,0.0,0.0
2023-12-31,0.0,PRD-006,2023,12,52,0.0,0.0,0.0,0.0,0.0,0.0,0.0
2024-01-07,0.0,PRD-006,2024,1,1,0.0,0.0,0.0,0.0,0.0,0.0,0.0
2024-01-14,0.0,PRD-006,2024,1,2,0.0,0.0,0.0,0.0,0.0,0.0,0.0
2024-01-21,0.0,PRD-006,2024,1,3,0.0,0.0,0.0,0.0,0.0,0.0,0.0
2023-06-11,3000.0,PRD-007,2023,6,23,0.0,0.0,0.0,0.0,3000.0,3000.0,0.0
2023-06-18,0.0,PRD-007,2023,6,24,3000.0,0.0,0.0,0.0,1500.0,1500.0,2121.3203435596424
2023-06-25,0.0,PRD-007,2023,6,25,0.0,3000.0,0.0,0.0,0.0,1000.0,1732.0508075688772
2023-07-02,0.0,PRD-007,2023,7,26,0.0,0.0,3000.0,0.0,0.0,750.0,1500.0
2023-07-09,3000.0,PRD-007,2023,7,27,0.0,0.0,0.0,3000.0,1500.0,750.0,1500.0
2023-07-16,0.0,PRD-007,2023,7,28,3000.0,0.0,0.0,0.0,1500.0,750.0,1500.0
2023-07-23,0.0,PRD-007,2023,7,29,0.0,3000.0,0.0,0.0,0.0,750.0,1500.0
2023-07-30,500.0,PRD-007,2023,7,30,0.0,0.0,3000.0,0.0,250.0,875.0,1436.140661634507
2023-08-06,0.0,PRD-007,2023,8,31,500.0,0.0,0.0,3000.0,250.0,125.0,249.99999999999957
2023-08-13,1000.0,PRD-007,2023,8,32,0.0,500.0,0.0,0.0,500.0,375.0,478.71355387816885
2023-08-20,0.0,PRD-007,2023,8,33,1000.0,0.0,500.0,0.0,500.0,375.0,478.71355387816885
2023-08-27,0.0,PRD-007,2023,8,34,0.0,1000.0,0.0,500.0,0.0,250.0,499.9999999999998
2023-09-03,1000.0,PRD-007,2023,9,35,0.0,0.0,1000.0,0.0,500.0,500.0,577.3502691896256
2023-09-10,6500.0,PRD-007,2023,9,36,1000.0,0.0,0.0,1000.0,3750.0,1875.0,3119.1612120354835
2023-09-17,1500.0,PRD-007,2023,9,37,6500.0,1000.0,0.0,0.0,4000.0,2250.0,2901.149197588202
2023-09-24,1500.0,PRD-007,2023,9,38,1500.0,6500.0,1000.0,0.0,1500.0,2625.0,2594.0637360455635
2023-10-01,0.0,PRD-007,2023,10,39,1500.0,1500.0,6500.0,1000.0,750.0,2375.0,2839.4541729001367
2023-10-08,4500.0,PRD-007,2023,10,40,0.0,1500.0,1500.0,6500.0,2250.0,1875.0,1887.4586088176875
2023-10-15,0.0,PRD-007,2023,10,41,4500.0,0.0,1500.0,1500.0,2250.0,1500.0,2121.3203435596424
2023-10-22,1500.0,PRD-007,2023,10,42,0.0,4500.0,0.0,1500.0,750.0,1500.0,2121.3203435596424
2023-10-29,0.0,PRD-007,2023,10,43,1500.0,0.0,4500.0,0.0,750.0,1500.0,2121.3203435596424
2023-11-05,6000.0,PRD-007,2023,11,44,0.0,1500.0,0.0,4500.0,3000.0,1875.0,2839.4541729001367
2023-11-12,0.0,PRD-007,2023,11,45,6000.0,0.0,1500.0,0.0,3000.0,1875.0,2839.4541729001367
2023-11-19,2000.0,PRD-007,2023,11,46,0.0,6000.0,0.0,1500.0,1000.0,2000.0,2828.42712474619
2023-11-26,0.0,PRD-007,2023,11,47,2000.0,0.0,6000.0,0.0,1000.0,2000.0,2828.42712474619
2023-12-03,1500.0,PRD-007,2023,12,48,0.0,2000.0,0.0,6000.0,750.0,875.0,1030.7764064044154
2023-12-10,7500.0,PRD-007,2023,12,49,1500.0,0.0,2000.0,0.0,4500.0,2750.0,3278.7192621510003
2023-12-17,1500.0,PRD-007,2023,12,50,7500.0,1500.0,0.0,2000.0,4500.0,2625.0,3326.0336739125178
2023-12-24,0.0,PRD-007,2023,12,51,1500.0,7500.0,1500.0,0.0,750.0,2625.0,3326.0336739125178
2023-12-31,0.0,PRD-007,2023,12,52,0.0,1500.0,7500.0,1500.0,0.0,2250.0,3570.714214271425
2024-01-07,3000.0,PRD-007,2024,1,1,0.0,0.0,1500.0,7500.0,1500.0,1125.0,1436.140661634507
2024-01-14,0.0,PRD-007,2024,1,2,3000.0,0.0,0.0,1500.0,1500.0,750.0,1500.0
2024-01-21,0.0,PRD-007,2024,1,3,0.0,3000.0,0.0,0.0,0.0,750.0,1500.0
2023-06-11,0.0,PRD-008,2023,6,23,0.0,0.0,0.0,0.0,0.0,0.0,0.0
2023-06-18,0.0,PRD-008,2023,6,24,0.0,0.0,0.0,0.0,0.0,0.0,0.0
2023-06-25,0.0,PRD-008,2023,6,25,0.0,0.0,0.0,0.0,0.0,0.0,0.0
2023-07-02,0.0,PRD-008,2023,7,26,0.0,0.0,0.0,0.0,0.0,0.0,0.0
2023-07-09,0.0,PRD-008,2023,7,27,0.0,0.0,0.0,0.0,0.0,0.0,0.0
2023-07-16,0.0,PRD-008,2023,7,28,0.0,0.0,0.0,0.0,0.0,0.0,0.0
2023-07-23,0.0,PRD-008,2023,7,29,0.0,0.0,0.0,0.0,0.0,0.0,0.0
2023-07-30,0.0,PRD-008,2023,7,30,0.0,0.0,0.0,0.0,0.0,0.0,0.0
2023-08-06,0.0,PRD-008,2023,8,31,0.0,0.0,0.0,0.0,0.0,0.0,0.0
2023-08-13,0.0,PRD-008,2023,8,32,0.0,0.0,0.0,0.0,0.0,0.0,0.0
2023-08-20,800.0,PRD-008,2023,8,33,0.0,0.0,0.0,0.0,400.0,200.0,400.0
2023-08-27,0.0,PRD-008,2023,8,34,800.0,0.0,0.0,0.0,400.0,200.0,400.0
2023-09-03,0.0,PRD-008,2023,9,35,0.0,800.0,0.0,0.0,0.0,200.0,400.0
2023-09-10,0.0,PRD-008,2023,9,36,0.0,0.0,800.0,0.0,0.0,200.0,400.0
2023-09-17,0.0,PRD-008,2023,9,37,0.0,0.0,0.0,800.0,0.0,0.0,0.0
2023-09-24,0.0,PRD-008,2023,9,38,0.0,0.0,0.0,0.0,0.0,0.0,0.0
2023-10-01,0.0,PRD-008,2023,10,39,0.0,0.0,0.0,0.0,0.0,0.0,0.0
2023-10-08,0.0,PRD-008,2023,10,40,0.0,0.0,0.0,0.0,0.0,0.0,0.0
2023-10-15,0.0,PRD-008,2023,10,41,0.0,0.0,0.0,0.0,0.0,0.0,0.0
2023-10-22,0.0,PRD-008,2023,10,42,0.0,0.0,0.0,0.0,0.0,0.0,0.0
2023-10-29,0.0,PRD-008,2023,10,43,0.0,0.0,0.0,0.0,0.0,0.0,0.0
2023-11-05,0.0,PRD-008,2023,11,44,0.0,0.0,0.0,0.0,0.0,0.0,0.0
2023-11-12,0.0,PRD-008,2023,11,45,0.0,0.0,0.0,0.0,0.0,0.0,0.0
2023-11-19,0.0,PRD-008,2023,11,46,0.0,0.0,0.0,0.0,0.0,0.0,0.0
2023-11-26,0.0,PRD-008,2023,11,47,0.0,0.0,0.0,0.0,0.0,0.0,0.0
2023-12-03,0.0,PRD-008,2023,12,48,0.0,0.0,0.0,0.0,0.0,0.0,0.0
2023-12-10,0.0,PRD-008,2023,12,49,0.0,0.0,0.0,0.0,0.0,0.0,0.0
2023-12-17,0.0,PRD-008,2023,12,50,0.0,0.0,0.0,0.0,0.0,0.0,0.0
2023-12-24,10000.0,PRD-008,2023,12,51,0.0,0.0,0.0,0.0,5000.0,2500.0,5000.0
2023-12-31,0.0,PRD-008,2023,12,52,10000.0,0.0,0.0,0.0,5000.0,2500.0,5000.0
2024-01-07,2000.0,PRD-008,2024,1,1,0.0,10000.0,0.0,0.0,1000.0,3000.0,4760.9522856952335
2024-01-14,0.0,PRD-008,2024,1,2,2000.0,0.0,10000.0,0.0,1000.0,3000.0,4760.9522856952335
2024-01-21,0.0,PRD-008,2024,1,3,0.0,2000.0,0.0,10000.0,0.0,500.0,999.9999999999995
2023-06-11,15975.0,PRD-009,2023,6,23,0.0,0.0,0.0,0.0,15975.0,15975.0,0.0
2023-06-18,0.0,PRD-009,2023,6,24,15975.0,0.0,0.0,0.0,7987.5,7987.5,11296.030829455096
2023-06-25,0.0,PRD-009,2023,6,25,0.0,15975.0,0.0,0.0,0.0,5325.0,9223.170550304272
2023-07-02,0.0,PRD-009,2023,7,26,0.0,0.0,15975.0,0.0,0.0,3993.75,7987.5
2023-07-09,2025.0,PRD-009,2023,7,27,0.0,0.0,0.0,15975.0,1012.5,506.25,1012.5
2023-07-16,15300.0,PRD-009,2023,7,28,2025.0,0.0,0.0,0.0,8662.5,4331.25,7374.5444774575735
2023-07-23,0.0,PRD-009,2023,7,29,15300.0,2025.0,0.0,0.0,7650.0,4331.25,7374.5444774575735
2023-07-30,0.0,PRD-009,2023,7,30,0.0,15300.0,2025.0,0.0,0.0,4331.25,7374.5444774575735
2023-08-06,0.0,PRD-009,2023,8,31,0.0,0.0,15300.0,2025.0,0.0,3825.0,7650.0
2023-08-13,1350.0,PRD-009,2023,8,32,0.0,0.0,0.0,15300.0,675.0,337.5,675.0
2023-08-20,0.0,PRD-009,2023,8,33,1350.0,0.0,0.0,0.0,675.0,337.5,675.0
2023-08-27,0.0,PRD-009,2023,8,34,0.0,1350.0,0.0,0.0,0.0,337.5,675.0
2023-09-03,14850.0,PRD-009,2023,9,35,0.0,0.0,1350.0,0.0,7425.0,4050.0,7228.0702818940545
2023-09-10,0.0,PRD-009,2023,9,36,14850.0,0.0,0.0,1350.0,7425.0,3712.5,7425.0
2023-09-17,0.0,PRD-009,2023,9,37,0.0,14850.0,0.0,0.0,0.0,3712.5,7425.0
2023-09-24,1350.0,PRD-009,2023,9,38,0.0,0.0,14850.0,0.0,675.0,4050.0,7228.0702818940545
2023-10-01,0.0,PRD-009,2023,10,39,1350.0,0.0,0.0,14850.0,675.0,337.5,675.0
2023-10-08,8325.0,PRD-009,2023,10,40,0.0,1350.0,0.0,0.0,4162.5,2418.75,3988.5970277780634
2023-10-15,0.0,PRD-009,2023,10,41,8325.0,0.0,1350.0,0.0,4162.5,2418.75,3988.5970277780634
2023-10-22,0.0,PRD-009,2023,10,42,0.0,8325.0,0.0,1350.0,0.0,2081.25,4162.5
2023-10-29,4500.0,PRD-009,2023,10,43,0.0,0.0,8325.0,0.0,2250.0,3206.25,4018.103563871892
2023-11-05,6300.0,PRD-009,2023,11,44,4500.0,0.0,0.0,8325.0,5400.0,2700.0,3203.123475609393
2023-11-12,0.0,PRD-009,2023,11,45,6300.0,4500.0,0.0,0.0,3150.0,2700.0,3203.123475609393
2023-11-19,225.0,PRD-009,2023,11,46,0.0,6300.0,4500.0,0.0,112.5,2756.25,3141.2825804120203
2023-11-26,0.0,PRD-009,2023,11,47,225.0,0.0,6300.0,4500.0,112.5,1631.25,3114.3067045491844
2023-12-03,6075.0,PRD-009,2023,12,48,0.0,225.0,0.0,6300.0,3037.5,1575.0,3001.874414428425
2023-12-10,0.0,PRD-009,2023,12,49,6075.0,0.0,225.0,0.0,3037.5,1575.0,3001.874414428425
2023-12-17,0.0,PRD-009,2023,12,50,0.0,6075.0,0.0,225.0,0.0,1518.75,3037.5
2023-12-24,0.0,PRD-009,2023,12,51,0.0,0.0,6075.0,0.0,0.0,1518.75,3037.5
2023-12-31,0.0,PRD-009,2023,12,52,0.0,0.0,0.0,6075.0,0.0,0.0,0.0
2024-01-07,4950.0,PRD-009,2024,1,1,0.0,0.0,0.0,0.0,2475.0,1237.5,2475.0
2024-01-14,0.0,PRD-009,2024,1,2,4950.0,0.0,0.0,0.0,2475.0,1237.5,2475.0
2024-01-21,0.0,PRD-009,2024,1,3,0.0,4950.0,0.0,0.0,0.0,1237.5,2475.0
2023-06-11,108800.0,PRD-010,2023,6,23,0.0,0.0,0.0,0.0,108800.0,108800.0,0.0
2023-06-18,24900.0,PRD-010,2023,6,24,108800.0,0.0,0.0,0.0,66850.0,66850.0,59326.258941551336
2023-06-25,15600.0,PRD-010,2023,6,25,24900.0,108800.0,0.0,0.0,20250.0,49766.666666666664,51335.40039128295
2023-07-02,273000.0,PRD-010,2023,7,26,15600.0,24900.0,108800.0,0.0,144300.0,105575.0,119227.35634073247
2023-07-09,166000.0,PRD-010,2023,7,27,273000.0,15600.0,24900.0,108800.0,219500.0,119875.0,123110.12346675637
2023-07-16,25200.0,PRD-010,2023,7,28,166000.0,273000.0,15600.0,24900.0,95600.0,119950.0,123033.04434175396
2023-07-23,400.0,PRD-010,2023,7,29,25200.0,166000.0,273000.0,15600.0,12800.0,116150.0,127484.521936325
2023-07-30,1200.0,PRD-010,2023,7,30,400.0,25200.0,166000.0,273000.0,800.0,48200.0,79371.86739225259
2023-08-06,0.0,PRD-010,2023,8,31,1200.0,400.0,25200.0,166000.0,600.0,6700.0,12343.419299367442
2023-08-13,208800.0,PRD-010,2023,8,32,0.0,1200.0,400.0,25200.0,104400.0,52600.0,104134.52837555848
2023-08-20,19700.0,PRD-010,2023,8,33,208800.0,0.0,1200.0,400.0,114250.0,57425.0,101318.71742180709
2023-08-27,0.0,PRD-010,2023,8,34,19700.0,208800.0,0.0,1200.0,9850.0,57125.0,101542.2202829936
2023-09-03,98800.0,PRD-010,2023,9,35,0.0,19700.0,208800.0,0.0,49400.0,81825.0,94807.95940566732
2023-09-10,49600.0,PRD-010,2023,9,36,98800.0,0.0,19700.0,208800.0,74200.0,42025.0,42993.36189072289
2023-09-17,26400.0,PRD-010,2023,9,37,49600.0,98800.0,0.0,19700.0,38000.0,43700.0,41951.559367124
2023-09-24,6000.0,PRD-010,2023,9,38,26400.0,49600.0,98800.0,0.0,16200.0,45200.0,39926.599320920504
2023-10-01,800.0,PRD-010,2023,10,39,6000.0,26400.0,49600.0,98800.0,3400.0,20700.0,22209.60753067606
2023-10-08,63200.0,PRD-010,2023,10,40,800.0,6000.0,26400.0,49600.0,32000.0,24100.0,28311.36403166279
2023-10-15,18800.0,PRD-010,2023,10,41,63200.0,800.0,6000.0,26400.0,41000.0,22200.0,28360.535961085014
2023-10-22,5600.0,PRD-010,2023,10,42,18800.0,63200.0,800.0,6000.0,12200.0,22100.0,28437.299449842212
2023-10-29,10400.0,PRD-010,2023,10,43,5600.0,18800.0,63200.0,800.0,8000.0,24500.0,26370.43799408717
2023-11-05,92800.0,PRD-010,2023,11,44,10400.0,5600.0,18800.0,63200.0,51600.0,31900.0,40964.86299256957
2023-11-12,15600.0,PRD-010,2023,11,45,92800.0,10400.0,5600.0,18800.0,54200.0,31100.0,41335.53757563415
2023-11-19,41200.0,PRD-010,2023,11,46,15600.0,92800.0,10400.0,5600.0,28400.0,40000.0,37686.42549601465
2023-11-26,0.0,PRD-010,2023,11,47,41200.0,15600.0,92800.0,10400.0,20600.0,37400.0,40651.363240773724
2023-12-03,36000.0,PRD-010,2023,12,48,0.0,41200.0,15600.0,92800.0,18000.0,23200.0,19007.366992826654
2023-12-10,11600.0,PRD-010,2023,12,49,36000.0,0.0,41200.0,15600.0,23800.0,22200.0,19635.342285446994
2023-12-17,101200.0,PRD-010,2023,12,50,11600.0,36000.0,0.0,41200.0,56400.0,37200.0,45227.72011351736
2023-12-24,2000.0,PRD-010,2023,12,51,101200.0,11600.0,36000.0,0.0,51600.0,37700.0,44687.20920651303
2023-12-31,0.0,PRD-010,2023,12,52,2000.0,101200.0,11600.0,36000.0,1000.0,28700.0,48597.805163059194
2024-01-07,41600.0,PRD-010,2024,1,1,0.0,2000.0,101200.0,11600.0,20800.0,36200.0,47378.75754667552
2024-01-14,113200.0,PRD-010,2024,1,2,41600.0,0.0,2000.0,101200.0,77400.0,39200.0,52922.08108782819
2024-01-21,23200.0,PRD-010,2024,1,3,113200.0,41600.0,0.0,2000.0,68200.0,44500.0,48860.4816458727
2023-06-11,353200.0,PRD-011,2023,6,23,0.0,0.0,0.0,0.0,353200.0,353200.0,0.0
2023-06-18,9600.0,PRD-011,2023,6,24,353200.0,0.0,0.0,0.0,181400.0,181400.0,242961.89001569772
2023-06-25,26800.0,PRD-011,2023,6,25,9600.0,353200.0,0.0,0.0,18200.0,129866.66666666667,193603.44349554667
2023-07-02,183800.0,PRD-011,2023,7,26,26800.0,9600.0,353200.0,0.0,105300.0,143350.0,160360.20911269312
2023-07-09,78400.0,PRD-011,2023,7,27,183800.0,26800.0,9600.0,353200.0,131100.0,74650.0,78419.61914385116
2023-07-16,44800.0,PRD-011,2023,7,28,78400.0,183800.0,26800.0,9600.0,61600.0,83450.0,70234.53566444361
2023-07-23,23200.0,PRD-011,2023,7,29,44800.0,78400.0,183800.0,26800.0,34000.0,82550.0,71218.60711920727
2023-07-30,9600.0,PRD-011,2023,7,30,23200.0,44800.0,78400.0,183800.0,16400.0,39000.0,30000.0
2023-08-06,0.0,PRD-011,2023,8,31,9600.0,23200.0,44800.0,78400.0,4800.0,19400.0,19425.06971244462
2023-08-13,157600.0,PRD-011,2023,8,32,0.0,9600.0,23200.0,44800.0,78800.0,47600.0,73948.45051340382
2023-08-20,52000.0,PRD-011,2023,8,33,157600.0,0.0,9600.0,23200.0,104800.0,54800.0,72161.30080128359
2023-08-27,13600.0,PRD-011,2023,8,34,52000.0,157600.0,0.0,9600.0,32800.0,55800.0,71349.28170626526
2023-09-03,205600.0,PRD-011,2023,9,35,13600.0,52000.0,157600.0,0.0,109600.0,107200.0,89499.94413406077
2023-09-10,97600.0,PRD-011,2023,9,36,205600.0,13600.0,52000.0,157600.0,151600.0,92200.0,83031.56026475716
2023-09-17,3200.0,PRD-011,2023,9,37,97600.0,205600.0,13600.0,52000.0,50400.0,80000.0,93794.66935812504
2023-09-24,200.0,PRD-011,2023,9,38,3200.0,97600.0,205600.0,13600.0,1700.0,76650.0,97136.51905093848
2023-10-01,0.0,PRD-011,2023,10,39,200.0,3200.0,97600.0,205600.0,100.0,25250.0,48255.535088388206
2023-10-08,303200.0,PRD-011,2023,10,40,0.0,200.0,3200.0,97600.0,151600.0,76650.0,151040.42505236802
2023-10-15,15200.0,PRD-011,2023,10,41,303200.0,0.0,200.0,3200.0,159200.0,79650.0,149203.25063483033
2023-10-22,12000.0,PRD-011,2023,10,42,15200.0,303200.0,0.0,200.0,13600.0,82600.0,147212.13718078184
2023-10-29,2400.0,PRD-011,2023,10,43,12000.0,15200.0,303200.0,0.0,7200.0,83200.0,146767.4805034594
2023-11-05,316800.0,PRD-011,2023,11,44,2400.0,12000.0,15200.0,303200.0,159600.0,86600.0,153563.01638089816
2023-11-12,6600.0,PRD-011,2023,11,45,316800.0,2400.0,12000.0,15200.0,161700.0,84450.0,154949.83059042046
2023-11-19,30400.0,PRD-011,2023,11,46,6600.0,316800.0,2400.0,12000.0,18500.0,89050.0,152333.08898594553
2023-11-26,4800.0,PRD-011,2023,11,47,30400.0,6600.0,316800.0,2400.0,17600.0,89650.0,151882.0924269876
2023-12-03,283200.0,PRD-011,2023,12,48,4800.0,30400.0,6600.0,316800.0,144000.0,81250.0,135137.89253943542
2023-12-10,40200.0,PRD-011,2023,12,49,283200.0,4800.0,30400.0,6600.0,161700.0,89650.0,129893.53332633614
2023-12-17,106400.0,PRD-011,2023,12,50,40200.0,283200.0,4800.0,30400.0,73300.0,108650.0,123751.08080336107
2023-12-24,800.0,PRD-011,2023,12,51,106400.0,40200.0,283200.0,4800.0,53600.0,107650.0,124880.99668617852
2023-12-31,3200.0,PRD-011,2023,12,52,800.0,106400.0,40200.0,283200.0,2000.0,37650.0,49253.73082315693
2024-01-07,249800.0,PRD-011,2024,1,1,3200.0,800.0,106400.0,40200.0,126500.0,90050.0,117325.57266001304
2024-01-14,10600.0,PRD-011,2024,1,2,249800.0,3200.0,800.0,106400.0,130200.0,66100.0,122537.66767814703
2024-01-21,4800.0,PRD-011,2024,1,3,10600.0,249800.0,3200.0,800.0,7700.0,67100.0,121841.48171565654
2023-06-11,0.0,PRD-012,2023,6,23,0.0,0.0,0.0,0.0,0.0,0.0,0.0
2023-06-18,0.0,PRD-012,2023,6,24,0.0,0.0,0.0,0.0,0.0,0.0,0.0
2023-06-25,0.0,PRD-012,2023,6,25,0.0,0.0,0.0,0.0,0.0,0.0,0.0
2023-07-02,0.0,PRD-012,2023,7,26,0.0,0.0,0.0,0.0,0.0,0.0,0.0
2023-07-09,43300.0,PRD-012,2023,7,27,0.0,0.0,0.0,0.0,21650.0,10825.0,21650.0
2023-07-16,22600.0,PRD-012,2023,7,28,43300.0,0.0,0.0,0.0,32950.0,16475.0,20816.239654013723
2023-07-23,1600.0,PRD-012,2023,7,29,22600.0,43300.0,0.0,0.0,12100.0,16875.0,20405.452702647886
2023-07-30,19500.0,PRD-012,2023,7,30,1600.0,22600.0,43300.0,0.0,10550.0,21750.0,17090.05558797279
2023-08-06,0.0,PRD-012,2023,8,31,19500.0,1600.0,22600.0,43300.0,9750.0,10925.0,11777.768605866451
2023-08-13,34700.0,PRD-012,2023,8,32,0.0,19500.0,1600.0,22600.0,17350.0,13950.0,16416.35363491743
2023-08-20,10500.0,PRD-012,2023,8,33,34700.0,0.0,19500.0,1600.0,22600.0,16175.0,14697.703902310728
2023-08-27,4500.0,PRD-012,2023,8,34,10500.0,34700.0,0.0,19500.0,7500.0,12425.0,15460.352518620008
2023-09-03,37500.0,PRD-012,2023,9,35,4500.0,10500.0,34700.0,0.0,21000.0,21800.0,16732.005259382393
2023-09-10,42400.0,PRD-012,2023,9,36,37500.0,4500.0,10500.0,34700.0,39950.0,23725.0,19000.06578935978
2023-09-17,6100.0,PRD-012,2023,9,37,42400.0,37500.0,4500.0,10500.0,24250.0,22625.0,20115.561969115686
2023-09-24,10500.0,PRD-012,2023,9,38,6100.0,42400.0,37500.0,4500.0,8300.0,24125.0,18469.862840133203
2023-10-01,6000.0,PRD-012,2023,10,39,10500.0,6100.0,42400.0,37500.0,8250.0,16250.0,17559.13817171371
2023-10-08,1200.0,PRD-012,2023,10,40,6000.0,10500.0,6100.0,42400.0,3600.0,5950.0,3798.683982644525
2023-10-15,0.0,PRD-012,2023,10,41,1200.0,6000.0,10500.0,6100.0,600.0,4425.0,4808.5860707696675
2023-10-22,0.0,PRD-012,2023,10,42,0.0,1200.0,6000.0,10500.0,0.0,1800.0,2856.571371417152
2023-10-29,0.0,PRD-012,2023,10,43,0.0,0.0,1200.0,6000.0,0.0,300.0,600.000000000058
2023-11-05,0.0,PRD-012,2023,11,44,0.0,0.0,0.0,1200.0,0.0,0.0,0.0
2023-11-12,0.0,PRD-012,2023,11,45,0.0,0.0,0.0,0.0,0.0,0.0,0.0
2023-11-19,0.0,PRD-012,2023,11,46,0.0,0.0,0.0,0.0,0.0,0.0,0.0
2023-11-26,0.0,PRD-012,2023,11,47,0.0,0.0,0.0,0.0,0.0,0.0,0.0
2023-12-03,0.0,PRD-012,2023,12,48,0.0,0.0,0.0,0.0,0.0,0.0,0.0
2023-12-10,0.0,PRD-012,2023,12,49,0.0,0.0,0.0,0.0,0.0,0.0,0.0
2023-12-17,0.0,PRD-012,2023,12,50,0.0,0.0,0.0,0.0,0.0,0.0,0.0
2023-12-24,0.0,PRD-012,2023,12,51,0.0,0.0,0.0,0.0,0.0,0.0,0.0
2023-12-31,0.0,PRD-012,2023,12,52,0.0,0.0,0.0,0.0,0.0,0.0,0.0
2024-01-07,1200.0,PRD-012,2024,1,1,0.0,0.0,0.0,0.0,600.0,300.0,600.0
2024-01-14,0.0,PRD-012,2024,1,2,1200.0,0.0,0.0,0.0,600.0,300.0,600.0
2024-01-21,0.0,PRD-012,2024,1,3,0.0,1200.0,0.0,0.0,0.0,300.0,600.0
2023-06-11,16800.0,PRD-013,2023,6,23,0.0,0.0,0.0,0.0,16800.0,16800.0,0.0
2023-06-18,8000.0,PRD-013,2023,6,24,16800.0,0.0,0.0,0.0,12400.0,12400.0,6222.539674441618
2023-06-25,0.0,PRD-013,2023,6,25,8000.0,16800.0,0.0,0.0,4000.0,8266.666666666666,8403.17400351399
2023-07-02,0.0,PRD-013,2023,7,26,0.0,8000.0,16800.0,0.0,0.0,6200.0,8009.993757800315
2023-07-09,28800.0,PRD-013,2023,7,27,0.0,0.0,8000.0,16800.0,14400.0,9200.0,13600.0
2023-07-16,12800.0,PRD-013,2023,7,28,28800.0,0.0,0.0,8000.0,20800.0,10400.0,13670.40599250805
2023-07-23,8000.0,PRD-013,2023,7,29,12800.0,28800.0,0.0,0.0,10400.0,12400.0,12141.389267021024
2023-07-30,0.0,PRD-013,2023,7,30,8000.0,12800.0,28800.0,0.0,4000.0,12400.0,12141.389267021024
2023-08-06,0.0,PRD-013,2023,8,31,0.0,8000.0,12800.0,28800.0,0.0,5200.0,6316.116950574405
2023-08-13,10400.0,PRD-013,2023,8,32,0.0,0.0,8000.0,12800.0,5200.0,4600.0,5401.234426807757
2023-08-20,0.0,PRD-013,2023,8,33,10400.0,0.0,0.0,8000.0,5200.0,2600.0,5199.999999999998
2023-08-27,2400.0,PRD-013,2023,8,34,0.0,10400.0,0.0,0.0,1200.0,3200.0,4931.531202375179
2023-09-03,5600.0,PRD-013,2023,9,35,2400.0,0.0,10400.0,0.0,4000.0,4600.0,4495.924080023296
2023-09-10,8800.0,PRD-013,2023,9,36,5600.0,2400.0,0.0,10400.0,7200.0,4200.0,3829.70843102535
2023-09-17,7200.0,PRD-013,2023,9,37,8800.0,5600.0,2400.0,0.0,8000.0,6000.0,2732.520204255889
2023-09-24,1600.0,PRD-013,2023,9,38,7200.0,8800.0,5600.0,2400.0,4400.0,5800.0,3089.768060335055
2023-10-01,0.0,PRD-013,2023,10,39,1600.0,7200.0,8800.0,5600.0,800.0,4400.0,4258.325179379014
2023-10-08,69600.0,PRD-013,2023,10,40,0.0,1600.0,7200.0,8800.0,34800.0,19600.0,33475.96152465228
2023-10-15,6400.0,PRD-013,2023,10,41,69600.0,0.0,1600.0,7200.0,38000.0,19400.0,33576.97623868673
2023-10-22,36800.0,PRD-013,2023,10,42,6400.0,69600.0,0.0,1600.0,21600.0,28200.0,31929.088096384254
2023-10-29,2400.0,PRD-013,2023,10,43,36800.0,6400.0,69600.0,0.0,19600.0,28800.0,31237.584200233323
2023-11-05,192000.0,PRD-013,2023,11,44,2400.0,36800.0,6400.0,69600.0,97200.0,59400.0,89724.6157231485
2023-11-12,1600.0,PRD-013,2023,11,45,192000.0,2400.0,36800.0,6400.0,96800.0,58200.0,90696.56369822766
2023-11-19,3200.0,PRD-013,2023,11,46,1600.0,192000.0,2400.0,36800.0,2400.0,49800.0,94802.25032490877
2023-11-26,10400.0,PRD-013,2023,11,47,3200.0,1600.0,192000.0,2400.0,6800.0,51800.0,93544.99808470074
2023-12-03,43200.0,PRD-013,2023,12,48,10400.0,3200.0,1600.0,192000.0,26800.0,14600.0,19447.02205137501
2023-12-10,13600.0,PRD-013,2023,12,49,43200.0,10400.0,3200.0,1600.0,28400.0,17600.0,17612.117041022237
2023-12-17,17600.0,PRD-013,2023,12,50,13600.0,43200.0,10400.0,3200.0,15600.0,21200.0,14959.500882939441
2023-12-24,6400.0,PRD-013,2023,12,51,17600.0,13600.0,43200.0,10400.0,12000.0,20200.0,16018.322841879106
2023-12-31,0.0,PRD-013,2023,12,52,6400.0,17600.0,13600.0,43200.0,3200.0,9400.0,7794.014797693541
2024-01-07,28800.0,PRD-013,2024,1,1,0.0,6400.0,17600.0,13600.0,14400.0,13200.0,12691.204303243483
2024-01-14,8000.0,PRD-013,2024,1,2,28800.0,0.0,6400.0,17600.0,18400.0,10800.0,12487.860772232603
2024-01-21,3200.0,PRD-013,2024,1,3,8000.0,28800.0,0.0,6400.0,5600.0,10000.0,12957.365987473402
2023-06-11,8000.0,PRD-014,2023,6,23,0.0,0.0,0.0,0.0,8000.0,8000.0,0.0
2023-06-18,0.0,PRD-014,2023,6,24,8000.0,0.0,0.0,0.0,4000.0,4000.0,5656.85424949238
2023-06-25,0.0,PRD-014,2023,6,25,0.0,8000.0,0.0,0.0,0.0,2666.6666666666665,4618.802153517006
2023-07-02,0.0,PRD-014,2023,7,26,0.0,0.0,8000.0,0.0,0.0,2000.0,4000.0000000000005
2023-07-09,12000.0,PRD-014,2023,7,27,0.0,0.0,0.0,8000.0,6000.0,3000.0,6000.0
2023-07-16,16000.0,PRD-014,2023,7,28,12000.0,0.0,0.0,0.0,14000.0,7000.0,8246.211251235321
2023-07-23,10000.0,PRD-014,2023,7,29,16000.0,12000.0,0.0,0.0,13000.0,9500.0,6806.8592855540455
2023-07-30,0.0,PRD-014,2023,7,30,10000.0,16000.0,12000.0,0.0,5000.0,9500.0,6806.8592855540455
2023-08-06,0.0,PRD-014,2023,8,31,0.0,10000.0,16000.0,12000.0,0.0,6500.0,7895.146188218007
2023-08-13,28000.0,PRD-014,2023,8,32,0.0,0.0,10000.0,16000.0,14000.0,9500.0,13203.534880225574
2023-08-20,34000.0,PRD-014,2023,8,33,28000.0,0.0,0.0,10000.0,31000.0,15500.0,18064.698539785637
2023-08-27,0.0,PRD-014,2023,8,34,34000.0,28000.0,0.0,0.0,17000.0,15500.0,18064.698539785637
2023-09-03,10000.0,PRD-014,2023,9,35,0.0,34000.0,28000.0,0.0,5000.0,18000.0,15748.015748023621
2023-09-10,26000.0,PRD-014,2023,9,36,10000.0,0.0,34000.0,28000.0,18000.0,17500.0,15351.438586225939
2023-09-17,2000.0,PRD-014,2023,9,37,26000.0,10000.0,0.0,34000.0,14000.0,9500.0,11818.065267490558
2023-09-24,0.0,PRD-014,2023,9,38,2000.0,26000.0,10000.0,0.0,1000.0,9500.0,11818.065267490558
2023-10-01,0.0,PRD-014,2023,10,39,0.0,2000.0,26000.0,10000.0,0.0,7000.0,12701.705922171766
2023-10-08,10000.0,PRD-014,2023,10,40,0.0,0.0,2000.0,26000.0,5000.0,3000.0,4760.9522856952335
2023-10-15,0.0,PRD-014,2023,10,41,10000.0,0.0,0.0,2000.0,5000.0,2500.0,5000.0
2023-10-22,8000.0,PRD-014,2023,10,42,0.0,10000.0,0.0,0.0,4000.0,4500.0,5259.911279353167
2023-10-29,0.0,PRD-014,2023,10,43,8000.0,0.0,10000.0,0.0,4000.0,4500.0,5259.911279353167
2023-11-05,26000.0,PRD-014,2023,11,44,0.0,8000.0,0.0,10000.0,13000.0,8500.0,12261.049438499682
2023-11-12,2000.0,PRD-014,2023,11,45,26000.0,0.0,8000.0,0.0,14000.0,9000.0,11832.15956619923
2023-11-19,0.0,PRD-014,2023,11,46,2000.0,26000.0,0.0,8000.0,1000.0,7000.0,12701.705922171766
2023-11-26,0.0,PRD-014,2023,11,47,0.0,2000.0,26000.0,0.0,0.0,7000.0,12701.705922171766
2023-12-03,0.0,PRD-014,2023,12,48,0.0,0.0,2000.0,26000.0,0.0,500.0,999.9999999999934
2023-12-10,0.0,PRD-014,2023,12,49,0.0,0.0,0.0,2000.0,0.0,0.0,0.0
2023-12-17,0.0,PRD-014,2023,12,50,0.0,0.0,0.0,0.0,0.0,0.0,0.0
2023-12-24,0.0,PRD-014,2023,12,51,0.0,0.0,0.0,0.0,0.0,0.0,0.0
2023-12-31,0.0,PRD-014,2023,12,52,0.0,0.0,0.0,0.0,0.0,0.0,0.0
2024-01-07,12000.0,PRD-014,2024,1,1,0.0,0.0,0.0,0.0,6000.0,3000.0,6000.0
2024-01-14,6000.0,PRD-014,2024,1,2,12000.0,0.0,0.0,0.0,9000.0,4500.0,5744.562646538028
2024-01-21,4000.0,PRD-014,2024,1,3,6000.0,12000.0,0.0,0.0,5000.0,5500.0,5000.0
2023-06-11,42000.0,PRD-015,2023,6,23,0.0,0.0,0.0,0.0,42000.0,42000.0,0.0
2023-06-18,42000.0,PRD-015,2023,6,24,42000.0,0.0,0.0,0.0,42000.0,42000.0,0.0
2023-06-25,15000.0,PRD-015,2023,6,25,42000.0,42000.0,0.0,0.0,28500.0,33000.0,15588.457268119895
2023-07-02,0.0,PRD-015,2023,7,26,15000.0,42000.0,42000.0,0.0,7500.0,24750.0,20838.665984174706
2023-07-09,39000.0,PRD-015,2023,7,27,0.0,15000.0,42000.0,42000.0,19500.0,24000.0,20049.93765576342
2023-07-16,27000.0,PRD-015,2023,7,28,39000.0,0.0,15000.0,42000.0,33000.0,20250.0,16680.82731761228
2023-07-23,6000.0,PRD-015,2023,7,29,27000.0,39000.0,0.0,15000.0,16500.0,18000.0,18165.90212458495
2023-07-30,12000.0,PRD-015,2023,7,30,6000.0,27000.0,39000.0,0.0,9000.0,21000.0,14899.66442575134
2023-08-06,0.0,PRD-015,2023,8,31,12000.0,6000.0,27000.0,39000.0,6000.0,11250.0,11586.630226256468
2023-08-13,15000.0,PRD-015,2023,8,32,0.0,12000.0,6000.0,27000.0,7500.0,8250.0,6652.0673478250355
2023-08-20,9000.0,PRD-015,2023,8,33,15000.0,0.0,12000.0,6000.0,12000.0,9000.0,6480.74069840786
2023-08-27,24500.0,PRD-015,2023,8,34,9000.0,15000.0,0.0,12000.0,16750.0,12125.0,10298.664962022991
2023-09-03,33000.0,PRD-015,2023,9,35,24500.0,9000.0,15000.0,0.0,28750.0,20375.0,10562.315087138804
2023-09-10,15000.0,PRD-015,2023,9,36,33000.0,24500.0,9000.0,15000.0,24000.0,20375.0,10562.315087138806
2023-09-17,18000.0,PRD-015,2023,9,37,15000.0,33000.0,24500.0,9000.0,16500.0,22625.0,7972.609359550989
2023-09-24,15000.0,PRD-015,2023,9,38,18000.0,15000.0,33000.0,24500.0,16500.0,20250.0,8616.843969807045
2023-10-01,0.0,PRD-015,2023,10,39,15000.0,18000.0,15000.0,33000.0,7500.0,12000.0,8124.038404635962
2023-10-08,57000.0,PRD-015,2023,10,40,0.0,15000.0,18000.0,15000.0,28500.0,22500.0,24310.491562286436
2023-10-15,6000.0,PRD-015,2023,10,41,57000.0,0.0,15000.0,18000.0,31500.0,19500.0,25748.786379167464
2023-10-22,12000.0,PRD-015,2023,10,42,6000.0,57000.0,0.0,15000.0,9000.0,18750.0,25966.32434519757
2023-10-29,0.0,PRD-015,2023,10,43,12000.0,6000.0,57000.0,0.0,6000.0,18750.0,25966.32434519757
2023-11-05,33000.0,PRD-015,2023,11,44,0.0,12000.0,6000.0,57000.0,16500.0,12750.0,14361.406616345072
2023-11-12,8500.0,PRD-015,2023,11,45,33000.0,0.0,12000.0,6000.0,20750.0,13375.0,14020.074892809953
2023-11-19,9500.0,PRD-015,2023,11,46,8500.0,33000.0,0.0,12000.0,9000.0,12750.0,14156.859350387947
2023-11-26,9000.0,PRD-015,2023,11,47,9500.0,8500.0,33000.0,0.0,9250.0,15000.0,12006.942436218584
2023-12-03,12000.0,PRD-015,2023,12,48,9000.0,9500.0,8500.0,33000.0,10500.0,9750.0,1554.5631755148024
2023-12-10,15000.0,PRD-015,2023,12,49,12000.0,9000.0,9500.0,8500.0,13500.0,11375.0,2750.0
2023-12-17,11500.0,PRD-015,2023,12,50,15000.0,12000.0,9000.0,9500.0,13250.0,11875.0,2462.2144504490266
2023-12-24,20500.0,PRD-015,2023,12,51,11500.0,15000.0,12000.0,9000.0,16000.0,14750.0,4133.198922545748
2023-12-31,3000.0,PRD-015,2023,12,52,20500.0,11500.0,15000.0,12000.0,11750.0,12500.0,7337.120234351713
2024-01-07,15500.0,PRD-015,2024,1,1,3000.0,20500.0,11500.0,15000.0,9250.0,12625.0,7397.916373322063
2024-01-14,9000.0,PRD-015,2024,1,2,15500.0,3000.0,20500.0,11500.0,12250.0,12000.0,7626.707459098367
2024-01-21,17500.0,PRD-015,2024,1,3,9000.0,15500.0,3000.0,20500.0,13250.0,11250.0,6589.132466923598
2023-06-11,600.0,PRD-016,2023,6,23,0.0,0.0,0.0,0.0,600.0,600.0,0.0
2023-06-18,200.0,PRD-016,2023,6,24,600.0,0.0,0.0,0.0,400.0,400.0,282.842712474619
2023-06-25,0.0,PRD-016,2023,6,25,200.0,600.0,0.0,0.0,100.0,266.6666666666667,305.50504633038935
2023-07-02,0.0,PRD-016,2023,7,26,0.0,200.0,600.0,0.0,0.0,200.0,282.84271247461896
2023-07-09,200.0,PRD-016,2023,7,27,0.0,0.0,200.0,600.0,100.0,100.0,115.47005383792511
2023-07-16,0.0,PRD-016,2023,7,28,200.0,0.0,0.0,200.0,100.0,50.0,99.99999999999993
2023-07-23,0.0,PRD-016,2023,7,29,0.0,200.0,0.0,0.0,0.0,50.0,99.99999999999993
2023-07-30,0.0,PRD-016,2023,7,30,0.0,0.0,200.0,0.0,0.0,50.0,99.99999999999993
2023-08-06,0.0,PRD-016,2023,8,31,0.0,0.0,0.0,200.0,0.0,0.0,0.0
2023-08-13,200.0,PRD-016,2023,8,32,0.0,0.0,0.0,0.0,100.0,50.0,100.0
2023-08-20,400.0,PRD-016,2023,8,33,200.0,0.0,0.0,0.0,300.0,150.0,191.48542155126762
2023-08-27,200.0,PRD-016,2023,8,34,400.0,200.0,0.0,0.0,300.0,200.0,163.29931618554522
2023-09-03,0.0,PRD-016,2023,9,35,200.0,400.0,200.0,0.0,100.0,200.0,163.29931618554522
2023-09-10,200.0,PRD-016,2023,9,36,0.0,200.0,400.0,200.0,100.0,200.0,163.29931618554522
2023-09-17,0.0,PRD-016,2023,9,37,200.0,0.0,200.0,400.0,100.0,100.0,115.47005383792514
2023-09-24,0.0,PRD-016,2023,9,38,0.0,200.0,0.0,200.0,0.0,50.0,99.99999999999999
2023-10-01,0.0,PRD-016,2023,10,39,0.0,0.0,200.0,0.0,0.0,50.0,99.99999999999999
2023-10-08,0.0,PRD-016,2023,10,40,0.0,0.0,0.0,200.0,0.0,0.0,0.0
2023-10-15,0.0,PRD-016,2023,10,41,0.0,0.0,0.0,0.0,0.0,0.0,0.0
2023-10-22,0.0,PRD-016,2023,10,42,0.0,0.0,0.0,0.0,0.0,0.0,0.0
2023-10-29,0.0,PRD-016,2023,10,43,0.0,0.0,0.0,0.0,0.0,0.0,0.0
2023-11-05,0.0,PRD-016,2023,11,44,0.0,0.0,0.0,0.0,0.0,0.0,0.0
2023-11-12,0.0,PRD-016,2023,11,45,0.0,0.0,0.0,0.0,0.0,0.0,0.0
2023-11-19,0.0,PRD-016,2023,11,46,0.0,0.0,0.0,0.0,0.0,0.0,0.0
2023-11-26,0.0,PRD-016,2023,11,47,0.0,0.0,0.0,0.0,0.0,0.0,0.0
2023-12-03,600.0,PRD-016,2023,12,48,0.0,0.0,0.0,0.0,300.0,150.0,300.0
2023-12-10,0.0,PRD-016,2023,12,49,600.0,0.0,0.0,0.0,300.0,150.0,300.0
2023-12-17,0.0,PRD-016,2023,12,50,0.0,600.0,0.0,0.0,0.0,150.0,300.0
2023-12-24,0.0,PRD-016,2023,12,51,0.0,0.0,600.0,0.0,0.0,150.0,300.0
2023-12-31,0.0,PRD-016,2023,12,52,0.0,0.0,0.0,600.0,0.0,0.0,0.0
2024-01-07,0.0,PRD-016,2024,1,1,0.0,0.0,0.0,0.0,0.0,0.0,0.0
2024-01-14,1000.0,PRD-016,2024,1,2,0.0,0.0,0.0,0.0,500.0,250.0,500.0
2024-01-21,0.0,PRD-016,2024,1,3,1000.0,0.0,0.0,0.0,500.0,250.0,500.0
2023-06-11,0.0,PRD-017,2023,6,23,0.0,0.0,0.0,0.0,0.0,0.0,0.0
2023-06-18,0.0,PRD-017,2023,6,24,0.0,0.0,0.0,0.0,0.0,0.0,0.0
2023-06-25,0.0,PRD-017,2023,6,25,0.0,0.0,0.0,0.0,0.0,0.0,0.0
2023-07-02,0.0,PRD-017,2023,7,26,0.0,0.0,0.0,0.0,0.0,0.0,0.0
2023-07-09,0.0,PRD-017,2023,7,27,0.0,0.0,0.0,0.0,0.0,0.0,0.0
2023-07-16,0.0,PRD-017,2023,7,28,0.0,0.0,0.0,0.0,0.0,0.0,0.0
2023-07-23,0.0,PRD-017,2023,7,29,0.0,0.0,0.0,0.0,0.0,0.0,0.0
2023-07-30,0.0,PRD-017,2023,7,30,0.0,0.0,0.0,0.0,0.0,0.0,0.0
2023-08-06,0.0,PRD-017,2023,8,31,0.0,0.0,0.0,0.0,0.0,0.0,0.0
2023-08-13,0.0,PRD-017,2023,8,32,0.0,0.0,0.0,0.0,0.0,0.0,0.0
2023-08-20,0.0,PRD-017,2023,8,33,0.0,0.0,0.0,0.0,0.0,0.0,0.0
2023-08-27,0.0,PRD-017,2023,8,34,0.0,0.0,0.0,0.0,0.0,0.0,0.0
2023-09-03,0.0,PRD-017,2023,9,35,0.0,0.0,0.0,0.0,0.0,0.0,0.0
2023-09-10,0.0,PRD-017,2023,9,36,0.0,0.0,0.0,0.0,0.0,0.0,0.0
2023-09-17,0.0,PRD-017,2023,9,37,0.0,0.0,0.0,0.0,0.0,0.0,0.0
2023-09-24,0.0,PRD-017,2023,9,38,0.0,0.0,0.0,0.0,0.0,0.0,0.0
2023-10-01,0.0,PRD-017,2023,10,39,0.0,0.0,0.0,0.0,0.0,0.0,0.0
2023-10-08,0.0,PRD-017,2023,10,40,0.0,0.0,0.0,0.0,0.0,0.0,0.0
2023-10-15,0.0,PRD-017,2023,10,41,0.0,0.0,0.0,0.0,0.0,0.0,0.0
2023-10-22,0.0,PRD-017,2023,10,42,0.0,0.0,0.0,0.0,0.0,0.0,0.0
2023-10-29,0.0,PRD-017,2023,10,43,0.0,0.0,0.0,0.0,0.0,0.0,0.0
2023-11-05,0.0,PRD-017,2023,11,44,0.0,0.0,0.0,0.0,0.0,0.0,0.0
2023-11-12,0.0,PRD-017,2023,11,45,0.0,0.0,0.0,0.0,0.0,0.0,0.0
2023-11-19,0.0,PRD-017,2023,11,46,0.0,0.0,0.0,0.0,0.0,0.0,0.0
2023-11-26,0.0,PRD-017,2023,11,47,0.0,0.0,0.0,0.0,0.0,0.0,0.0
2023-12-03,1000.0,PRD-017,2023,12,48,0.0,0.0,0.0,0.0,500.0,250.0,500.0
2023-12-10,0.0,PRD-017,2023,12,49,1000.0,0.0,0.0,0.0,500.0,250.0,500.0
2023-12-17,0.0,PRD-017,2023,12,50,0.0,1000.0,0.0,0.0,0.0,250.0,500.0
2023-12-24,0.0,PRD-017,2023,12,51,0.0,0.0,1000.0,0.0,0.0,250.0,500.0
2023-12-31,0.0,PRD-017,2023,12,52,0.0,0.0,0.0,1000.0,0.0,0.0,0.0
2024-01-07,1000.0,PRD-017,2024,1,1,0.0,0.0,0.0,0.0,500.0,250.0,500.0
2024-01-14,0.0,PRD-017,2024,1,2,1000.0,0.0,0.0,0.0,500.0,250.0,500.0
2024-01-21,0.0,PRD-017,2024,1,3,0.0,1000.0,0.0,0.0,0.0,250.0,500.0
2023-06-11,6600.0,PRD-018,2023,6,23,0.0,0.0,0.0,0.0,6600.0,6600.0,0.0
2023-06-18,3000.0,PRD-018,2023,6,24,6600.0,0.0,0.0,0.0,4800.0,4800.0,2545.584412271571
2023-06-25,12000.0,PRD-018,2023,6,25,3000.0,6600.0,0.0,0.0,7500.0,7200.0,4529.90066116245
2023-07-02,23100.0,PRD-018,2023,7,26,12000.0,3000.0,6600.0,0.0,17550.0,11175.0,8768.26664740529
2023-07-09,10200.0,PRD-018,2023,7,27,23100.0,12000.0,3000.0,6600.0,16650.0,12075.0,8315.19693092112
2023-07-16,1500.0,PRD-018,2023,7,28,10200.0,23100.0,12000.0,3000.0,5850.0,11700.0,8875.809822207773
2023-07-23,0.0,PRD-018,2023,7,29,1500.0,10200.0,23100.0,12000.0,750.0,8700.0,10600.943354249186
2023-07-30,0.0,PRD-018,2023,7,30,0.0,1500.0,10200.0,23100.0,0.0,2925.0,4901.2753442343965
2023-08-06,0.0,PRD-018,2023,8,31,0.0,0.0,1500.0,10200.0,0.0,375.0,750.0
2023-08-13,8400.0,PRD-018,2023,8,32,0.0,0.0,0.0,1500.0,4200.0,2100.0,4200.0
2023-08-20,3600.0,PRD-018,2023,8,33,8400.0,0.0,0.0,0.0,6000.0,3000.0,3979.94974842648
2023-08-27,300.0,PRD-018,2023,8,34,3600.0,8400.0,0.0,0.0,1950.0,3075.0,3906.7249711235113
2023-09-03,8400.0,PRD-018,2023,9,35,300.0,3600.0,8400.0,0.0,4350.0,5175.0,3960.113634733226
2023-09-10,7200.0,PRD-018,2023,9,36,8400.0,300.0,3600.0,8400.0,7800.0,4875.0,3669.1279617914665
2023-09-17,13800.0,PRD-018,2023,9,37,7200.0,8400.0,300.0,3600.0,10500.0,7425.0,5550.0
2023-09-24,0.0,PRD-018,2023,9,38,13800.0,7200.0,8400.0,300.0,6900.0,7350.0,5678.908345800273
2023-10-01,0.0,PRD-018,2023,10,39,0.0,13800.0,7200.0,8400.0,0.0,5250.0,6634.003316248794
2023-10-08,0.0,PRD-018,2023,10,40,0.0,0.0,13800.0,7200.0,0.0,3450.0,6900.0
2023-10-15,15900.0,PRD-018,2023,10,41,0.0,0.0,0.0,13800.0,7950.0,3975.0,7950.0
2023-10-22,0.0,PRD-018,2023,10,42,15900.0,0.0,0.0,0.0,7950.0,3975.0,7950.0
2023-10-29,5100.0,PRD-018,2023,10,43,0.0,15900.0,0.0,0.0,2550.0,5250.0,7495.998932764065
2023-11-05,1800.0,PRD-018,2023,11,44,5100.0,0.0,15900.0,0.0,3450.0,5700.0,7120.393247567159
2023-11-12,24000.0,PRD-018,2023,11,45,1800.0,5100.0,0.0,15900.0,12900.0,7725.0,11053.619316766793
2023-11-19,0.0,PRD-018,2023,11,46,24000.0,1800.0,5100.0,0.0,12000.0,7725.0,11053.619316766793
2023-11-26,300.0,PRD-018,2023,11,47,0.0,24000.0,1800.0,5100.0,150.0,6525.0,11676.579122328594
2023-12-03,7550.0,PRD-018,2023,12,48,300.0,0.0,24000.0,1800.0,3925.0,7962.5,11247.027385047126
2023-12-10,16250.0,PRD-018,2023,12,49,7550.0,300.0,0.0,24000.0,11900.0,6025.0,7658.383206221359
2023-12-17,37250.0,PRD-018,2023,12,50,16250.0,7550.0,300.0,0.0,26750.0,15337.5,15997.519338947523
2023-12-24,0.0,PRD-018,2023,12,51,37250.0,16250.0,7550.0,300.0,18625.0,15262.5,16091.942859704666
2023-12-31,0.0,PRD-018,2023,12,52,0.0,37250.0,16250.0,7550.0,0.0,13375.0,17664.111450433425
2024-01-07,7350.0,PRD-018,2024,1,1,0.0,0.0,37250.0,16250.0,3675.0,11150.0,17741.617739090198
2024-01-14,4200.0,PRD-018,2024,1,2,7350.0,0.0,0.0,37250.0,5775.0,2887.5,3573.601124915874
2024-01-21,3900.0,PRD-018,2024,1,3,4200.0,7350.0,0.0,0.0,4050.0,3862.5,3010.9176342105407
2023-06-11,0.0,PRD-019,2023,6,23,0.0,0.0,0.0,0.0,0.0,0.0,0.0
2023-06-18,0.0,PRD-019,2023,6,24,0.0,0.0,0.0,0.0,0.0,0.0,0.0
2023-06-25,0.0,PRD-019,2023,6,25,0.0,0.0,0.0,0.0,0.0,0.0,0.0
2023-07-02,0.0,PRD-019,2023,7,26,0.0,0.0,0.0,0.0,0.0,0.0,0.0
2023-07-09,0.0,PRD-019,2023,7,27,0.0,0.0,0.0,0.0,0.0,0.0,0.0
2023-07-16,0.0,PRD-019,2023,7,28,0.0,0.0,0.0,0.0,0.0,0.0,0.0
2023-07-23,0.0,PRD-019,2023,7,29,0.0,0.0,0.0,0.0,0.0,0.0,0.0
2023-07-30,0.0,PRD-019,2023,7,30,0.0,0.0,0.0,0.0,0.0,0.0,0.0
2023-08-06,0.0,PRD-019,2023,8,31,0.0,0.0,0.0,0.0,0.0,0.0,0.0
2023-08-13,3000.0,PRD-019,2023,8,32,0.0,0.0,0.0,0.0,1500.0,750.0,1500.0
2023-08-20,0.0,PRD-019,2023,8,33,3000.0,0.0,0.0,0.0,1500.0,750.0,1500.0
2023-08-27,2400.0,PRD-019,2023,8,34,0.0,3000.0,0.0,0.0,1200.0,1350.0,1577.97338380595
2023-09-03,8400.0,PRD-019,2023,9,35,2400.0,0.0,3000.0,0.0,5400.0,3450.0,3545.4195802471672
2023-09-10,0.0,PRD-019,2023,9,36,8400.0,2400.0,0.0,3000.0,4200.0,2700.0,3964.845520319802
2023-09-17,0.0,PRD-019,2023,9,37,0.0,8400.0,2400.0,0.0,0.0,2700.0,3964.845520319802
2023-09-24,0.0,PRD-019,2023,9,38,0.0,0.0,8400.0,2400.0,0.0,2100.0,4200.0
2023-10-01,0.0,PRD-019,2023,10,39,0.0,0.0,0.0,8400.0,0.0,0.0,0.0
2023-10-08,0.0,PRD-019,2023,10,40,0.0,0.0,0.0,0.0,0.0,0.0,0.0
2023-10-15,0.0,PRD-019,2023,10,41,0.0,0.0,0.0,0.0,0.0,0.0,0.0
2023-10-22,0.0,PRD-019,2023,10,42,0.0,0.0,0.0,0.0,0.0,0.0,0.0
2023-10-29,0.0,PRD-019,2023,10,43,0.0,0.0,0.0,0.0,0.0,0.0,0.0
2023-11-05,6000.0,PRD-019,2023,11,44,0.0,0.0,0.0,0.0,3000.0,1500.0,3000.0
2023-11-12,0.0,PRD-019,2023,11,45,6000.0,0.0,0.0,0.0,3000.0,1500.0,3000.0
2023-11-19,0.0,PRD-019,2023,11,46,0.0,6000.0,0.0,0.0,0.0,1500.0,3000.0
2023-11-26,0.0,PRD-019,2023,11,47,0.0,0.0,6000.0,0.0,0.0,1500.0,3000.0
2023-12-03,600.0,PRD-019,2023,12,48,0.0,0.0,0.0,6000.0,300.0,150.0,300.0
2023-12-10,0.0,PRD-019,2023,12,49,600.0,0.0,0.0,0.0,300.0,150.0,300.0
2023-12-17,0.0,PRD-019,2023,12,50,0.0,600.0,0.0,0.0,0.0,150.0,300.0
2023-12-24,0.0,PRD-019,2023,12,51,0.0,0.0,600.0,0.0,0.0,150.0,300.0
2023-12-31,0.0,PRD-019,2023,12,52,0.0,0.0,0.0,600.0,0.0,0.0,0.0
2024-01-07,0.0,PRD-019,2024,1,1,0.0,0.0,0.0,0.0,0.0,0.0,0.0
2024-01-14,2400.0,PRD-019,2024,1,2,0.0,0.0,0.0,0.0,1200.0,600.0,1200.0
2024-01-21,0.0,PRD-019,2024,1,3,2400.0,0.0,0.0,0.0,1200.0,600.0,1200.0
2023-06-11,0.0,PRD-020,2023,6,23,0.0,0.0,0.0,0.0,0.0,0.0,0.0
2023-06-18,0.0,PRD-020,2023,6,24,0.0,0.0,0.0,0.0,0.0,0.0,0.0
2023-06-25,0.0,PRD-020,2023,6,25,0.0,0.0,0.0,0.0,0.0,0.0,0.0
2023-07-02,200.0,PRD-020,2023,7,26,0.0,0.0,0.0,0.0,100.0,50.0,100.0
2023-07-09,1400.0,PRD-020,2023,7,27,200.0,0.0,0.0,0.0,800.0,400.0,673.3003292241385
2023-07-16,0.0,PRD-020,2023,7,28,1400.0,200.0,0.0,0.0,700.0,400.0,673.3003292241385
2023-07-23,800.0,PRD-020,2023,7,29,0.0,1400.0,200.0,0.0,400.0,600.0,632.4555320336759
2023-07-30,0.0,PRD-020,2023,7,30,800.0,0.0,1400.0,200.0,400.0,550.0,680.6859285554045
2023-08-06,0.0,PRD-020,2023,8,31,0.0,800.0,0.0,1400.0,0.0,200.0,400.00000000000006
2023-08-13,1600.0,PRD-020,2023,8,32,0.0,0.0,800.0,0.0,800.0,600.0,765.9416862050705
2023-08-20,0.0,PRD-020,2023,8,33,1600.0,0.0,0.0,800.0,800.0,400.0,800.0
2023-08-27,0.0,PRD-020,2023,8,34,0.0,1600.0,0.0,0.0,0.0,400.0,800.0
2023-09-03,1600.0,PRD-020,2023,9,35,0.0,0.0,1600.0,0.0,800.0,800.0,923.7604307034012
2023-09-10,1600.0,PRD-020,2023,9,36,1600.0,0.0,0.0,1600.0,1600.0,800.0,923.7604307034012
2023-09-17,1700.0,PRD-020,2023,9,37,1600.0,1600.0,0.0,0.0,1650.0,1225.0,818.0260794538684
2023-09-24,800.0,PRD-020,2023,9,38,1700.0,1600.0,1600.0,0.0,1250.0,1425.0,419.32485418030404
2023-10-01,100.0,PRD-020,2023,10,39,800.0,1700.0,1600.0,1600.0,450.0,1050.0,750.5553499465135
2023-10-08,2500.0,PRD-020,2023,10,40,100.0,800.0,1700.0,1600.0,1300.0,1275.0,1046.8205831628136
2023-10-15,3200.0,PRD-020,2023,10,41,2500.0,100.0,800.0,1700.0,2850.0,1650.0,1443.3756729740644
2023-10-22,0.0,PRD-020,2023,10,42,3200.0,2500.0,100.0,800.0,1600.0,1450.0,1642.1530582338135
2023-10-29,0.0,PRD-020,2023,10,43,0.0,3200.0,2500.0,100.0,0.0,1425.0,1670.0798384109266
2023-11-05,19100.0,PRD-020,2023,11,44,0.0,0.0,3200.0,2500.0,9550.0,5575.0,9141.981914953307
2023-11-12,800.0,PRD-020,2023,11,45,19100.0,0.0,0.0,3200.0,9950.0,4975.0,9424.215263529019
2023-11-19,1600.0,PRD-020,2023,11,46,800.0,19100.0,0.0,0.0,1200.0,5375.0,9173.285489216318
2023-11-26,1600.0,PRD-020,2023,11,47,1600.0,800.0,19100.0,0.0,1600.0,5775.0,8891.33473294833
2023-12-03,7300.0,PRD-020,2023,12,48,1600.0,1600.0,800.0,19100.0,4450.0,2825.0,3007.0749907509767
2023-12-10,7200.0,PRD-020,2023,12,49,7300.0,1600.0,1600.0,800.0,7250.0,4425.0,3262.28447563973
2023-12-17,1600.0,PRD-020,2023,12,50,7200.0,7300.0,1600.0,1600.0,4400.0,4425.0,3262.28447563973
2023-12-24,0.0,PRD-020,2023,12,51,1600.0,7200.0,7300.0,1600.0,800.0,4025.0,3780.983117303398
2023-12-31,0.0,PRD-020,2023,12,52,0.0,1600.0,7200.0,7300.0,0.0,2200.0,3417.6014981270105
2024-01-07,5600.0,PRD-020,2024,1,1,0.0,0.0,1600.0,7200.0,2800.0,1800.0,2643.2303468798655
2024-01-14,800.0,PRD-020,2024,1,2,5600.0,0.0,0.0,1600.0,3200.0,1600.0,2693.201316896552
2024-01-21,100.0,PRD-020,2024,1,3,800.0,5600.0,0.0,0.0,450.0,1625.0,2673.7925623852448
2023-06-11,0.0,PRD-021,2023,6,23,0.0,0.0,0.0,0.0,0.0,0.0,0.0
2023-06-18,0.0,PRD-021,2023,6,24,0.0,0.0,0.0,0.0,0.0,0.0,0.0
2023-06-25,0.0,PRD-021,2023,6,25,0.0,0.0,0.0,0.0,0.0,0.0,0.0
2023-07-02,0.0,PRD-021,2023,7,26,0.0,0.0,0.0,0.0,0.0,0.0,0.0
2023-07-09,900.0,PRD-021,2023,7,27,0.0,0.0,0.0,0.0,450.0,225.0,450.0
2023-07-16,900.0,PRD-021,2023,7,28,900.0,0.0,0.0,0.0,900.0,450.0,519.6152422706632
2023-07-23,0.0,PRD-021,2023,7,29,900.0,900.0,0.0,0.0,450.0,450.0,519.6152422706632
2023-07-30,0.0,PRD-021,2023,7,30,0.0,900.0,900.0,0.0,0.0,450.0,519.6152422706632
2023-08-06,0.0,PRD-021,2023,8,31,0.0,0.0,900.0,900.0,0.0,225.0,450.0
2023-08-13,0.0,PRD-021,2023,8,32,0.0,0.0,0.0,900.0,0.0,0.0,0.0
2023-08-20,0.0,PRD-021,2023,8,33,0.0,0.0,0.0,0.0,0.0,0.0,0.0
2023-08-27,0.0,PRD-021,2023,8,34,0.0,0.0,0.0,0.0,0.0,0.0,0.0
2023-09-03,0.0,PRD-021,2023,9,35,0.0,0.0,0.0,0.0,0.0,0.0,0.0
2023-09-10,0.0,PRD-021,2023,9,36,0.0,0.0,0.0,0.0,0.0,0.0,0.0
2023-09-17,0.0,PRD-021,2023,9,37,0.0,0.0,0.0,0.0,0.0,0.0,0.0
2023-09-24,0.0,PRD-021,2023,9,38,0.0,0.0,0.0,0.0,0.0,0.0,0.0
2023-10-01,0.0,PRD-021,2023,10,39,0.0,0.0,0.0,0.0,0.0,0.0,0.0
2023-10-08,0.0,PRD-021,2023,10,40,0.0,0.0,0.0,0.0,0.0,0.0,0.0
2023-10-15,0.0,PRD-021,2023,10,41,0.0,0.0,0.0,0.0,0.0,0.0,0.0
2023-10-22,0.0,PRD-021,2023,10,42,0.0,0.0,0.0,0.0,0.0,0.0,0.0
2023-10-29,0.0,PRD-021,2023,10,43,0.0,0.0,0.0,0.0,0.0,0.0,0.0
2023-11-05,9000.0,PRD-021,2023,11,44,0.0,0.0,0.0,0.0,4500.0,2250.0,4500.0
2023-11-12,1000.0,PRD-021,2023,11,45,9000.0,0.0,0.0,0.0,5000.0,2500.0,4358.898943540674
2023-11-19,5800.0,PRD-021,2023,11,46,1000.0,9000.0,0.0,0.0,3400.0,3950.0,4212.283624512163
2023-11-26,1000.0,PRD-021,2023,11,47,5800.0,1000.0,9000.0,0.0,3400.0,4200.0,3919.183588453085
2023-12-03,1000.0,PRD-021,2023,12,48,1000.0,5800.0,1000.0,9000.0,1000.0,2200.0,2400.0
2023-12-10,0.0,PRD-021,2023,12,49,1000.0,1000.0,5800.0,1000.0,500.0,1950.0,2609.5976701399777
2023-12-17,0.0,PRD-021,2023,12,50,0.0,1000.0,1000.0,5800.0,0.0,500.0,577.3502691896261
2023-12-24,0.0,PRD-021,2023,12,51,0.0,0.0,1000.0,1000.0,0.0,250.0,500.0000000000005
2023-12-31,0.0,PRD-021,2023,12,52,0.0,0.0,0.0,1000.0,0.0,0.0,0.0
2024-01-07,900.0,PRD-021,2024,1,1,0.0,0.0,0.0,0.0,450.0,225.0,450.0
2024-01-14,0.0,PRD-021,2024,1,2,900.0,0.0,0.0,0.0,450.0,225.0,450.0
2024-01-21,0.0,PRD-021,2024,1,3,0.0,900.0,0.0,0.0,0.0,225.0,450.0
2023-06-11,4000.0,PRD-022,2023,6,23,0.0,0.0,0.0,0.0,4000.0,4000.0,0.0
2023-06-18,0.0,PRD-022,2023,6,24,4000.0,0.0,0.0,0.0,2000.0,2000.0,2828.42712474619
2023-06-25,0.0,PRD-022,2023,6,25,0.0,4000.0,0.0,0.0,0.0,1333.3333333333333,2309.401076758503
2023-07-02,0.0,PRD-022,2023,7,26,0.0,0.0,4000.0,0.0,0.0,1000.0,2000.0000000000002
2023-07-09,0.0,PRD-022,2023,7,27,0.0,0.0,0.0,4000.0,0.0,0.0,0.0
2023-07-16,0.0,PRD-022,2023,7,28,0.0,0.0,0.0,0.0,0.0,0.0,0.0
2023-07-23,0.0,PRD-022,2023,7,29,0.0,0.0,0.0,0.0,0.0,0.0,0.0
2023-07-30,0.0,PRD-022,2023,7,30,0.0,0.0,0.0,0.0,0.0,0.0,0.0
2023-08-06,0.0,PRD-022,2023,8,31,0.0,0.0,0.0,0.0,0.0,0.0,0.0
2023-08-13,2000.0,PRD-022,2023,8,32,0.0,0.0,0.0,0.0,1000.0,500.0,1000.0
2023-08-20,0.0,PRD-022,2023,8,33,2000.0,0.0,0.0,0.0,1000.0,500.0,1000.0
2023-08-27,0.0,PRD-022,2023,8,34,0.0,2000.0,0.0,0.0,0.0,500.0,1000.0
2023-09-03,0.0,PRD-022,2023,9,35,0.0,0.0,2000.0,0.0,0.0,500.0,1000.0
2023-09-10,0.0,PRD-022,2023,9,36,0.0,0.0,0.0,2000.0,0.0,0.0,0.0
2023-09-17,0.0,PRD-022,2023,9,37,0.0,0.0,0.0,0.0,0.0,0.0,0.0
2023-09-24,0.0,PRD-022,2023,9,38,0.0,0.0,0.0,0.0,0.0,0.0,0.0
2023-10-01,0.0,PRD-022,2023,10,39,0.0,0.0,0.0,0.0,0.0,0.0,0.0
2023-10-08,0.0,PRD-022,2023,10,40,0.0,0.0,0.0,0.0,0.0,0.0,0.0
2023-10-15,0.0,PRD-022,2023,10,41,0.0,0.0,0.0,0.0,0.0,0.0,0.0
2023-10-22,0.0,PRD-022,2023,10,42,0.0,0.0,0.0,0.0,0.0,0.0,0.0
2023-10-29,0.0,PRD-022,2023,10,43,0.0,0.0,0.0,0.0,0.0,0.0,0.0
2023-11-05,0.0,PRD-022,2023,11,44,0.0,0.0,0.0,0.0,0.0,0.0,0.0
2023-11-12,0.0,PRD-022,2023,11,45,0.0,0.0,0.0,0.0,0.0,0.0,0.0
2023-11-19,0.0,PRD-022,2023,11,46,0.0,0.0,0.0,0.0,0.0,0.0,0.0
2023-11-26,0.0,PRD-022,2023,11,47,0.0,0.0,0.0,0.0,0.0,0.0,0.0
2023-12-03,0.0,PRD-022,2023,12,48,0.0,0.0,0.0,0.0,0.0,0.0,0.0
2023-12-10,0.0,PRD-022,2023,12,49,0.0,0.0,0.0,0.0,0.0,0.0,0.0
2023-12-17,0.0,PRD-022,2023,12,50,0.0,0.0,0.0,0.0,0.0,0.0,0.0
2023-12-24,0.0,PRD-022,2023,12,51,0.0,0.0,0.0,0.0,0.0,0.0,0.0
2023-12-31,0.0,PRD-022,2023,12,52,0.0,0.0,0.0,0.0,0.0,0.0,0.0
2024-01-07,1600.0,PRD-022,2024,1,1,0.0,0.0,0.0,0.0,800.0,400.0,800.0
2024-01-14,800.0,PRD-022,2024,1,2,1600.0,0.0,0.0,0.0,1200.0,600.0,765.9416862050705
2024-01-21,0.0,PRD-022,2024,1,3,800.0,1600.0,0.0,0.0,400.0,600.0,765.9416862050705
2023-07-16,800.0,PRD-023,2023,7,28,0.0,0.0,0.0,0.0,800.0,800.0,0.0
2023-06-11,11000.0,PRD-024,2023,6,23,0.0,0.0,0.0,0.0,11000.0,11000.0,0.0
2023-06-18,2000.0,PRD-024,2023,6,24,11000.0,0.0,0.0,0.0,6500.0,6500.0,6363.961030678927
2023-06-25,0.0,PRD-024,2023,6,25,2000.0,11000.0,0.0,0.0,1000.0,4333.333333333333,5859.465277082316
2023-07-02,0.0,PRD-024,2023,7,26,0.0,2000.0,11000.0,0.0,0.0,3250.0,5251.9837521962445
2023-07-09,11500.0,PRD-024,2023,7,27,0.0,0.0,2000.0,11000.0,5750.0,3375.0,5498.105734402229
2023-07-16,500.0,PRD-024,2023,7,28,11500.0,0.0,0.0,2000.0,6000.0,3000.0,5671.566509057852
2023-07-23,0.0,PRD-024,2023,7,29,500.0,11500.0,0.0,0.0,250.0,3000.0,5671.566509057852
2023-07-30,0.0,PRD-024,2023,7,30,0.0,500.0,11500.0,0.0,0.0,3000.0,5671.566509057852
2023-08-06,0.0,PRD-024,2023,8,31,0.0,0.0,500.0,11500.0,0.0,125.0,250.00000000000327
2023-08-13,2500.0,PRD-024,2023,8,32,0.0,0.0,0.0,500.0,1250.0,625.0,1250.0
2023-08-20,6000.0,PRD-024,2023,8,33,2500.0,0.0,0.0,0.0,4250.0,2125.0,2839.454172900137
2023-08-27,0.0,PRD-024,2023,8,34,6000.0,2500.0,0.0,0.0,3000.0,2125.0,2839.454172900137
2023-09-03,7500.0,PRD-024,2023,9,35,0.0,6000.0,2500.0,0.0,3750.0,4000.0,3391.164991562634
2023-09-10,9000.0,PRD-024,2023,9,36,7500.0,0.0,6000.0,2500.0,8250.0,5625.0,3944.933459514875
2023-09-17,1000.0,PRD-024,2023,9,37,9000.0,7500.0,0.0,6000.0,5000.0,4375.0,4534.589286804264
2023-09-24,0.0,PRD-024,2023,9,38,1000.0,9000.0,7500.0,0.0,500.0,4375.0,4534.589286804264
2023-10-01,0.0,PRD-024,2023,10,39,0.0,1000.0,9000.0,7500.0,0.0,2500.0,4358.898943540674
2023-10-08,6500.0,PRD-024,2023,10,40,0.0,0.0,1000.0,9000.0,3250.0,1875.0,3119.161212035484
2023-10-15,0.0,PRD-024,2023,10,41,6500.0,0.0,0.0,1000.0,3250.0,1625.0,3250.0000000000005
2023-10-22,0.0,PRD-024,2023,10,42,0.0,6500.0,0.0,0.0,0.0,1625.0,3250.0000000000005
2023-10-29,0.0,PRD-024,2023,10,43,0.0,0.0,6500.0,0.0,0.0,1625.0,3250.0000000000005
2023-11-05,18500.0,PRD-024,2023,11,44,0.0,0.0,0.0,6500.0,9250.0,4625.0,9250.0
2023-11-12,1000.0,PRD-024,2023,11,45,18500.0,0.0,0.0,0.0,9750.0,4875.0,9095.557523685213
2023-11-19,1500.0,PRD-024,2023,11,46,1000.0,18500.0,0.0,0.0,1250.0,5250.0,8855.318552523488
2023-11-26,0.0,PRD-024,2023,11,47,1500.0,1000.0,18500.0,0.0,750.0,5250.0,8855.318552523488
2023-12-03,12500.0,PRD-024,2023,12,48,0.0,1500.0,1000.0,18500.0,6250.0,3750.0,5866.571968932681
2023-12-10,21500.0,PRD-024,2023,12,49,12500.0,0.0,1500.0,1000.0,17000.0,8875.0,10094.3466025956
2023-12-17,11000.0,PRD-024,2023,12,50,21500.0,12500.0,0.0,1500.0,16250.0,11250.0,8817.596044274198
2023-12-24,0.0,PRD-024,2023,12,51,11000.0,21500.0,12500.0,0.0,5500.0,11250.0,8817.596044274198
2023-12-31,0.0,PRD-024,2023,12,52,0.0,11000.0,21500.0,12500.0,0.0,8125.0,10314.83559410102
2024-01-07,32000.0,PRD-024,2024,1,1,0.0,0.0,11000.0,21500.0,16000.0,10750.0,15085.8653491715
2024-01-14,16500.0,PRD-024,2024,1,2,32000.0,0.0,0.0,11000.0,24250.0,12125.0,15364.325562809452
2024-01-21,1500.0,PRD-024,2024,1,3,16500.0,32000.0,0.0,0.0,9000.0,12500.0,14983.324063771697
2023-06-11,5400.0,PRD-025,2023,6,23,0.0,0.0,0.0,0.0,5400.0,5400.0,0.0
2023-06-18,0.0,PRD-025,2023,6,24,5400.0,0.0,0.0,0.0,2700.0,2700.0,3818.3766184073565
2023-06-25,0.0,PRD-025,2023,6,25,0.0,5400.0,0.0,0.0,0.0,1800.0,3117.691453623979
2023-07-02,0.0,PRD-025,2023,7,26,0.0,0.0,5400.0,0.0,0.0,1350.0,2700.0
2023-07-09,1200.0,PRD-025,2023,7,27,0.0,0.0,0.0,5400.0,600.0,300.0,600.0
2023-07-16,0.0,PRD-025,2023,7,28,1200.0,0.0,0.0,0.0,600.0,300.0,600.0
2023-07-23,0.0,PRD-025,2023,7,29,0.0,1200.0,0.0,0.0,0.0,300.0,600.0
2023-07-30,0.0,PRD-025,2023,7,30,0.0,0.0,1200.0,0.0,0.0,300.0,600.0
2023-08-06,0.0,PRD-025,2023,8,31,0.0,0.0,0.0,1200.0,0.0,0.0,0.0
2023-08-13,1800.0,PRD-025,2023,8,32,0.0,0.0,0.0,0.0,900.0,450.0,900.0
2023-08-20,0.0,PRD-025,2023,8,33,1800.0,0.0,0.0,0.0,900.0,450.0,900.0
2023-08-27,0.0,PRD-025,2023,8,34,0.0,1800.0,0.0,0.0,0.0,450.0,900.0
2023-09-03,0.0,PRD-025,2023,9,35,0.0,0.0,1800.0,0.0,0.0,450.0,900.0
2023-09-10,0.0,PRD-025,2023,9,36,0.0,0.0,0.0,1800.0,0.0,0.0,0.0
2023-09-17,0.0,PRD-025,2023,9,37,0.0,0.0,0.0,0.0,0.0,0.0,0.0
2023-09-24,0.0,PRD-025,2023,9,38,0.0,0.0,0.0,0.0,0.0,0.0,0.0
2023-10-01,0.0,PRD-025,2023,10,39,0.0,0.0,0.0,0.0,0.0,0.0,0.0
2023-10-08,1200.0,PRD-025,2023,10,40,0.0,0.0,0.0,0.0,600.0,300.0,600.0
2023-10-15,0.0,PRD-025,2023,10,41,1200.0,0.0,0.0,0.0,600.0,300.0,600.0
2023-10-22,0.0,PRD-025,2023,10,42,0.0,1200.0,0.0,0.0,0.0,300.0,600.0
2023-10-29,0.0,PRD-025,2023,10,43,0.0,0.0,1200.0,0.0,0.0,300.0,600.0
2023-11-05,600.0,PRD-025,2023,11,44,0.0,0.0,0.0,1200.0,300.0,150.0,300.0
2023-11-12,0.0,PRD-025,2023,11,45,600.0,0.0,0.0,0.0,300.0,150.0,300.0
2023-11-19,1200.0,PRD-025,2023,11,46,0.0,600.0,0.0,0.0,600.0,450.0,574.4562646538029
2023-11-26,0.0,PRD-025,2023,11,47,1200.0,0.0,600.0,0.0,600.0,450.0,574.4562646538029
2023-12-03,0.0,PRD-025,2023,12,48,0.0,1200.0,0.0,600.0,0.0,300.0,600.0
2023-12-10,1800.0,PRD-025,2023,12,49,0.0,0.0,1200.0,0.0,900.0,750.0,900.0
2023-12-17,0.0,PRD-025,2023,12,50,1800.0,0.0,0.0,1200.0,900.0,450.0,900.0
2023-12-24,0.0,PRD-025,2023,12,51,0.0,1800.0,0.0,0.0,0.0,450.0,900.0
2023-12-31,0.0,PRD-025,2023,12,52,0.0,0.0,1800.0,0.0,0.0,450.0,900.0
2024-01-07,600.0,PRD-025,2024,1,1,0.0,0.0,0.0,1800.0,300.0,150.0,300.0
2024-01-14,0.0,PRD-025,2024,1,2,600.0,0.0,0.0,0.0,300.0,150.0,300.0
2024-01-21,0.0,PRD-025,2024,1,3,0.0,600.0,0.0,0.0,0.0,150.0,300.0
2023-06-11,0.0,PRD-026,2023,6,23,0.0,0.0,0.0,0.0,0.0,0.0,0.0
2023-06-18,0.0,PRD-026,2023,6,24,0.0,0.0,0.0,0.0,0.0,0.0,0.0
2023-06-25,0.0,PRD-026,2023,6,25,0.0,0.0,0.0,0.0,0.0,0.0,0.0
2023-07-02,0.0,PRD-026,2023,7,26,0.0,0.0,0.0,0.0,0.0,0.0,0.0
2023-07-09,0.0,PRD-026,2023,7,27,0.0,0.0,0.0,0.0,0.0,0.0,0.0
2023-07-16,0.0,PRD-026,2023,7,28,0.0,0.0,0.0,0.0,0.0,0.0,0.0
2023-07-23,0.0,PRD-026,2023,7,29,0.0,0.0,0.0,0.0,0.0,0.0,0.0
2023-07-30,0.0,PRD-026,2023,7,30,0.0,0.0,0.0,0.0,0.0,0.0,0.0
2023-08-06,0.0,PRD-026,2023,8,31,0.0,0.0,0.0,0.0,0.0,0.0,0.0
2023-08-13,0.0,PRD-026,2023,8,32,0.0,0.0,0.0,0.0,0.0,0.0,0.0
2023-08-20,5000.0,PRD-026,2023,8,33,0.0,0.0,0.0,0.0,2500.0,1250.0,2500.0
2023-08-27,0.0,PRD-026,2023,8,34,5000.0,0.0,0.0,0.0,2500.0,1250.0,2500.0
2023-09-03,0.0,PRD-026,2023,9,35,0.0,5000.0,0.0,0.0,0.0,1250.0,2500.0
2023-09-10,0.0,PRD-026,2023,9,36,0.0,0.0,5000.0,0.0,0.0,1250.0,2500.0
2023-09-17,0.0,PRD-026,2023,9,37,0.0,0.0,0.0,5000.0,0.0,0.0,0.0
2023-09-24,0.0,PRD-026,2023,9,38,0.0,0.0,0.0,0.0,0.0,0.0,0.0
2023-10-01,0.0,PRD-026,2023,10,39,0.0,0.0,0.0,0.0,0.0,0.0,0.0
2023-10-08,0.0,PRD-026,2023,10,40,0.0,0.0,0.0,0.0,0.0,0.0,0.0
2023-10-15,0.0,PRD-026,2023,10,41,0.0,0.0,0.0,0.0,0.0,0.0,0.0
2023-10-22,0.0,PRD-026,2023,10,42,0.0,0.0,0.0,0.0,0.0,0.0,0.0
2023-10-29,0.0,PRD-026,2023,10,43,0.0,0.0,0.0,0.0,0.0,0.0,0.0
2023-11-05,0.0,PRD-026,2023,11,44,0.0,0.0,0.0,0.0,0.0,0.0,0.0
2023-11-12,0.0,PRD-026,2023,11,45,0.0,0.0,0.0,0.0,0.0,0.0,0.0
2023-11-19,0.0,PRD-026,2023,11,46,0.0,0.0,0.0,0.0,0.0,0.0,0.0
2023-11-26,0.0,PRD-026,2023,11,47,0.0,0.0,0.0,0.0,0.0,0.0,0.0
2023-12-03,10000.0,PRD-026,2023,12,48,0.0,0.0,0.0,0.0,5000.0,2500.0,5000.0
2023-12-10,0.0,PRD-026,2023,12,49,10000.0,0.0,0.0,0.0,5000.0,2500.0,5000.0
2023-12-17,20000.0,PRD-026,2023,12,50,0.0,10000.0,0.0,0.0,10000.0,7500.0,9574.27107756338
2023-12-24,0.0,PRD-026,2023,12,51,20000.0,0.0,10000.0,0.0,10000.0,7500.0,9574.27107756338
2023-12-31,0.0,PRD-026,2023,12,52,0.0,20000.0,0.0,10000.0,0.0,5000.0,10000.0
2024-01-07,0.0,PRD-026,2024,1,1,0.0,0.0,20000.0,0.0,0.0,5000.0,10000.0
2024-01-14,0.0,PRD-026,2024,1,2,0.0,0.0,0.0,20000.0,0.0,0.0,0.0
2024-01-21,0.0,PRD-026,2024,1,3,0.0,0.0,0.0,0.0,0.0,0.0,0.0
2023-06-11,12800.0,PRD-027,2023,6,23,0.0,0.0,0.0,0.0,12800.0,12800.0,0.0
2023-06-18,1600.0,PRD-027,2023,6,24,12800.0,0.0,0.0,0.0,7200.0,7200.0,7919.595949289333
2023-06-25,4000.0,PRD-027,2023,6,25,1600.0,12800.0,0.0,0.0,2800.0,6133.333333333333,5896.891836665595
2023-07-02,3200.0,PRD-027,2023,7,26,4000.0,1600.0,12800.0,0.0,3600.0,5400.0,5033.222956847167
2023-07-09,8000.0,PRD-027,2023,7,27,3200.0,4000.0,1600.0,12800.0,5600.0,4200.0,2722.7437142216186
2023-07-16,7200.0,PRD-027,2023,7,28,8000.0,3200.0,4000.0,1600.0,7600.0,5600.0,2355.1362310207596
2023-07-23,12800.0,PRD-027,2023,7,29,7200.0,8000.0,3200.0,4000.0,10000.0,7800.0,3939.543120718442
2023-07-30,4000.0,PRD-027,2023,7,30,12800.0,7200.0,8000.0,3200.0,8400.0,8000.0,3636.848452529562
2023-08-06,0.0,PRD-027,2023,8,31,4000.0,12800.0,7200.0,8000.0,2000.0,6000.0,5406.1693153902115
2023-08-13,2400.0,PRD-027,2023,8,32,0.0,4000.0,12800.0,7200.0,1200.0,4800.0,5580.91987638836
2023-08-20,5600.0,PRD-027,2023,8,33,2400.0,0.0,4000.0,12800.0,4000.0,3000.0,2388.863048955856
2023-08-27,9600.0,PRD-027,2023,8,34,5600.0,2400.0,0.0,4000.0,7600.0,4400.0,4156.921938165306
2023-09-03,12000.0,PRD-027,2023,9,35,9600.0,5600.0,2400.0,0.0,10800.0,7400.0,4252.05832509386
2023-09-10,5600.0,PRD-027,2023,9,36,12000.0,9600.0,5600.0,2400.0,8800.0,8200.0,3158.0584752872032
2023-09-17,1600.0,PRD-027,2023,9,37,5600.0,12000.0,9600.0,5600.0,3600.0,7200.0,4572.380853195266
2023-09-24,4000.0,PRD-027,2023,9,38,1600.0,5600.0,12000.0,9600.0,2800.0,5800.0,4448.220618029941
2023-10-01,0.0,PRD-027,2023,10,39,4000.0,1600.0,5600.0,12000.0,2000.0,2800.0,2487.3010808236845
2023-10-08,17200.0,PRD-027,2023,10,40,0.0,4000.0,1600.0,5600.0,8600.0,5700.0,7840.918313565064
2023-10-15,800.0,PRD-027,2023,10,41,17200.0,0.0,4000.0,1600.0,9000.0,5500.0,7989.159321647471
2023-10-22,6400.0,PRD-027,2023,10,42,800.0,17200.0,0.0,4000.0,3600.0,6100.0,7928.850273946828
2023-10-29,3200.0,PRD-027,2023,10,43,6400.0,800.0,17200.0,0.0,4800.0,6900.0,7239.7053347034325
2023-11-05,11200.0,PRD-027,2023,11,44,3200.0,6400.0,800.0,17200.0,7200.0,5400.0,4495.924080023298
2023-11-12,5600.0,PRD-027,2023,11,45,11200.0,3200.0,6400.0,800.0,8400.0,6600.0,3354.598833442434
2023-11-19,4000.0,PRD-027,2023,11,46,5600.0,11200.0,3200.0,6400.0,4800.0,6000.0,3607.3998022583164
2023-11-26,4500.0,PRD-027,2023,11,47,4000.0,5600.0,11200.0,3200.0,4250.0,6325.0,3318.006429569821
2023-12-03,11200.0,PRD-027,2023,12,48,4500.0,4000.0,5600.0,11200.0,7850.0,6325.0,3318.006429569821
2023-12-10,3200.0,PRD-027,2023,12,49,11200.0,4500.0,4000.0,5600.0,7200.0,5725.0,3689.06040431255
2023-12-17,3200.0,PRD-027,2023,12,50,3200.0,11200.0,4500.0,4000.0,3200.0,5525.0,3832.6448657117544
2023-12-24,1600.0,PRD-027,2023,12,51,3200.0,3200.0,11200.0,4500.0,2400.0,4800.0,4332.820482472513
2023-12-31,2400.0,PRD-027,2023,12,52,1600.0,3200.0,3200.0,11200.0,2000.0,2600.0,765.9416862050748
2024-01-07,8000.0,PRD-027,2024,1,1,2400.0,1600.0,3200.0,3200.0,5200.0,3800.0,2875.1811537130443
2024-01-14,7200.0,PRD-027,2024,1,2,8000.0,2400.0,1600.0,3200.0,7600.0,4800.0,3265.9863237109053
2024-01-21,3200.0,PRD-027,2024,1,3,7200.0,8000.0,2400.0,1600.0,5200.0,5200.0,2809.5076674273982
2023-06-11,181200.0,PRD-028,2023,6,23,0.0,0.0,0.0,0.0,181200.0,181200.0,0.0
2023-06-18,21800.0,PRD-028,2023,6,24,181200.0,0.0,0.0,0.0,101500.0,101500.0,112712.82092113567
2023-06-25,1800.0,PRD-028,2023,6,25,21800.0,181200.0,0.0,0.0,11800.0,68266.66666666667,98313.03745350019
2023-07-02,0.0,PRD-028,2023,7,26,1800.0,21800.0,181200.0,0.0,900.0,51200.0,87227.9771632932
2023-07-09,166400.0,PRD-028,2023,7,27,0.0,1800.0,21800.0,181200.0,83200.0,47500.0,79879.99332331802
2023-07-16,56400.0,PRD-028,2023,7,28,166400.0,0.0,1800.0,21800.0,111400.0,56150.0,78021.08689322392
2023-07-23,100.0,PRD-028,2023,7,29,56400.0,166400.0,0.0,1800.0,28250.0,55725.0,78419.44380487957
2023-07-30,0.0,PRD-028,2023,7,30,100.0,56400.0,166400.0,0.0,50.0,55725.0,78419.44380487957
2023-08-06,0.0,PRD-028,2023,8,31,0.0,100.0,56400.0,166400.0,0.0,14125.0,28183.372757709414
2023-08-13,239000.0,PRD-028,2023,8,32,0.0,0.0,100.0,56400.0,119500.0,59775.0,119483.34263263087
2023-08-20,33600.0,PRD-028,2023,8,33,239000.0,0.0,0.0,100.0,136300.0,68150.0,114996.04341019737
2023-08-27,1200.0,PRD-028,2023,8,34,33600.0,239000.0,0.0,0.0,17400.0,68450.0,114760.31544048665
2023-09-03,202300.0,PRD-028,2023,9,35,1200.0,33600.0,239000.0,0.0,101750.0,119025.0,119036.25148107893
2023-09-10,184800.0,PRD-028,2023,9,36,202300.0,1200.0,33600.0,239000.0,193550.0,105475.0,102805.36221423472
2023-09-17,9000.0,PRD-028,2023,9,37,184800.0,202300.0,1200.0,33600.0,96900.0,99325.0,109082.45734305769
2023-09-24,1400.0,PRD-028,2023,9,38,9000.0,184800.0,202300.0,1200.0,5200.0,99375.0,109022.51678743554
2023-10-01,0.0,PRD-028,2023,10,39,1400.0,9000.0,184800.0,202300.0,700.0,48800.0,90752.8511948798
2023-10-08,183700.0,PRD-028,2023,10,40,0.0,1400.0,9000.0,184800.0,91850.0,48525.0,90203.37669215417
2023-10-15,8400.0,PRD-028,2023,10,41,183700.0,0.0,1400.0,9000.0,96050.0,48375.0,90291.46785088092
2023-10-22,1200.0,PRD-028,2023,10,42,8400.0,183700.0,0.0,1400.0,4800.0,48325.0,90326.20051790065
2023-10-29,479100.0,PRD-028,2023,10,43,1200.0,8400.0,183700.0,0.0,240150.0,168100.0,223848.20749784887
2023-11-05,136100.0,PRD-028,2023,11,44,479100.0,1200.0,8400.0,183700.0,307600.0,156200.0,224007.63379849357
2023-11-12,6000.0,PRD-028,2023,11,45,136100.0,479100.0,1200.0,8400.0,71050.0,155600.0,224538.0591347489
2023-11-19,9600.0,PRD-028,2023,11,46,6000.0,136100.0,479100.0,1200.0,7800.0,157700.0,222643.97588975992
2023-11-26,1200.0,PRD-028,2023,11,47,9600.0,6000.0,136100.0,479100.0,5400.0,38225.0,65340.66497978121
2023-12-03,12700.0,PRD-028,2023,12,48,1200.0,9600.0,6000.0,136100.0,6950.0,7375.0,4943.935679193955
2023-12-10,15000.0,PRD-028,2023,12,49,12700.0,1200.0,9600.0,6000.0,13850.0,9625.0,6036.762377301843
2023-12-17,26400.0,PRD-028,2023,12,50,15000.0,12700.0,1200.0,9600.0,20700.0,13825.0,10330.658255890909
2023-12-24,600.0,PRD-028,2023,12,51,26400.0,15000.0,12700.0,1200.0,13500.0,13675.0,10576.506984822872
2023-12-31,1200.0,PRD-028,2023,12,52,600.0,26400.0,15000.0,12700.0,900.0,10800.0,12345.039489609055
2024-01-07,31200.0,PRD-028,2024,1,1,1200.0,600.0,26400.0,15000.0,16200.0,14850.0,16228.678319567709
2024-01-14,14900.0,PRD-028,2024,1,2,31200.0,1200.0,600.0,26400.0,23050.0,11975.0,14418.130946832429
2024-01-21,4200.0,PRD-028,2024,1,3,14900.0,31200.0,1200.0,600.0,9550.0,12875.0,13558.115650783002
2023-06-11,20000.0,PRD-029,2023,6,23,0.0,0.0,0.0,0.0,20000.0,20000.0,0.0
2023-06-18,12000.0,PRD-029,2023,6,24,20000.0,0.0,0.0,0.0,16000.0,16000.0,5656.85424949238
2023-06-25,1000.0,PRD-029,2023,6,25,12000.0,20000.0,0.0,0.0,6500.0,11000.0,9539.392014169456
2023-07-02,0.0,PRD-029,2023,7,26,1000.0,12000.0,20000.0,0.0,500.0,8250.0,9535.023160258535
2023-07-09,20000.0,PRD-029,2023,7,27,0.0,1000.0,12000.0,20000.0,10000.0,8250.0,9535.023160258535
2023-07-16,2000.0,PRD-029,2023,7,28,20000.0,0.0,1000.0,12000.0,11000.0,5750.0,9535.023160258535
2023-07-23,1000.0,PRD-029,2023,7,29,2000.0,20000.0,0.0,1000.0,1500.0,5750.0,9535.023160258535
2023-07-30,0.0,PRD-029,2023,7,30,1000.0,2000.0,20000.0,0.0,500.0,5750.0,9535.023160258535
2023-08-06,0.0,PRD-029,2023,8,31,0.0,1000.0,2000.0,20000.0,0.0,750.0,957.427107756338
2023-08-13,6000.0,PRD-029,2023,8,32,0.0,0.0,1000.0,2000.0,3000.0,1750.0,2872.2813232690146
2023-08-20,21000.0,PRD-029,2023,8,33,6000.0,0.0,0.0,1000.0,13500.0,6750.0,9912.113800799505
2023-08-27,0.0,PRD-029,2023,8,34,21000.0,6000.0,0.0,0.0,10500.0,6750.0,9912.113800799505
2023-09-03,15000.0,PRD-029,2023,9,35,0.0,21000.0,6000.0,0.0,7500.0,10500.0,9327.379053088815
2023-09-10,0.0,PRD-029,2023,9,36,15000.0,0.0,21000.0,6000.0,7500.0,9000.0,10677.078252031311
2023-09-17,21000.0,PRD-029,2023,9,37,0.0,15000.0,0.0,21000.0,10500.0,9000.0,10677.078252031311
2023-09-24,2000.0,PRD-029,2023,9,38,21000.0,0.0,15000.0,0.0,11500.0,9500.0,10148.891565092219
2023-10-01,0.0,PRD-029,2023,10,39,2000.0,21000.0,0.0,15000.0,1000.0,5750.0,10210.288928331069
2023-10-08,10000.0,PRD-029,2023,10,40,0.0,2000.0,21000.0,0.0,5000.0,8250.0,9535.023160258535
2023-10-15,0.0,PRD-029,2023,10,41,10000.0,0.0,2000.0,21000.0,5000.0,3000.0,4760.9522856952335
2023-10-22,4000.0,PRD-029,2023,10,42,0.0,10000.0,0.0,2000.0,2000.0,3500.0,4725.815626252608
2023-10-29,0.0,PRD-029,2023,10,43,4000.0,0.0,10000.0,0.0,2000.0,3500.0,4725.815626252608
2023-11-05,6000.0,PRD-029,2023,11,44,0.0,4000.0,0.0,10000.0,3000.0,2500.0,3000.0000000000005
2023-11-12,0.0,PRD-029,2023,11,45,6000.0,0.0,4000.0,0.0,3000.0,2500.0,3000.0000000000005
2023-11-19,26000.0,PRD-029,2023,11,46,0.0,6000.0,0.0,4000.0,13000.0,8000.0,12328.828005937952
2023-11-26,0.0,PRD-029,2023,11,47,26000.0,0.0,6000.0,0.0,13000.0,8000.0,12328.828005937952
2023-12-03,20000.0,PRD-029,2023,12,48,0.0,26000.0,0.0,6000.0,10000.0,11500.0,13503.086067019396
2023-12-10,2000.0,PRD-029,2023,12,49,20000.0,0.0,26000.0,0.0,11000.0,12000.0,12961.48139681572
2023-12-17,0.0,PRD-029,2023,12,50,2000.0,20000.0,0.0,26000.0,1000.0,5500.0,9712.53485622231
2023-12-24,0.0,PRD-029,2023,12,51,0.0,2000.0,20000.0,0.0,0.0,5500.0,9712.53485622231
2023-12-31,0.0,PRD-029,2023,12,52,0.0,0.0,2000.0,20000.0,0.0,500.0,1000.0000000000033
2024-01-07,12000.0,PRD-029,2024,1,1,0.0,0.0,0.0,2000.0,6000.0,3000.0,6000.0
2024-01-14,2000.0,PRD-029,2024,1,2,12000.0,0.0,0.0,0.0,7000.0,3500.0,5744.562646538028
2024-01-21,6000.0,PRD-029,2024,1,3,2000.0,12000.0,0.0,0.0,4000.0,5000.0,5291.502622129181
2023-06-11,12800.0,PRD-030,2023,6,23,0.0,0.0,0.0,0.0,12800.0,12800.0,0.0
2023-06-18,0.0,PRD-030,2023,6,24,12800.0,0.0,0.0,0.0,6400.0,6400.0,9050.966799187809
2023-06-25,1600.0,PRD-030,2023,6,25,0.0,12800.0,0.0,0.0,800.0,4800.0,6974.238309665077
2023-07-02,0.0,PRD-030,2023,7,26,1600.0,0.0,12800.0,0.0,800.0,3600.0,6179.536120670115
2023-07-09,9800.0,PRD-030,2023,7,27,0.0,1600.0,0.0,12800.0,4900.0,2850.0,4694.322812362468
2023-07-16,1600.0,PRD-030,2023,7,28,9800.0,0.0,1600.0,0.0,5700.0,3250.0,4431.327867204894
2023-07-23,1600.0,PRD-030,2023,7,29,1600.0,9800.0,0.0,1600.0,1600.0,3250.0,4431.327867204894
2023-07-30,0.0,PRD-030,2023,7,30,1600.0,1600.0,9800.0,0.0,800.0,3250.0,4431.327867204894
2023-08-06,0.0,PRD-030,2023,8,31,0.0,1600.0,1600.0,9800.0,0.0,800.0,923.7604307034007
2023-08-13,8000.0,PRD-030,2023,8,32,0.0,0.0,1600.0,1600.0,4000.0,2400.0,3808.7618285561866
2023-08-20,0.0,PRD-030,2023,8,33,8000.0,0.0,0.0,1600.0,4000.0,2000.0,4000.0
2023-08-27,0.0,PRD-030,2023,8,34,0.0,8000.0,0.0,0.0,0.0,2000.0,4000.0
2023-09-03,3200.0,PRD-030,2023,9,35,0.0,0.0,8000.0,0.0,1600.0,2800.0,3780.652501002087
2023-09-10,1600.0,PRD-030,2023,9,36,3200.0,0.0,0.0,8000.0,2400.0,1200.0,1531.8833724101416
2023-09-17,0.0,PRD-030,2023,9,37,1600.0,3200.0,0.0,0.0,800.0,1200.0,1531.8833724101416
2023-09-24,200.0,PRD-030,2023,9,38,0.0,1600.0,3200.0,0.0,100.0,1250.0,1482.1156050277145
2023-10-01,0.0,PRD-030,2023,10,39,200.0,0.0,1600.0,3200.0,100.0,450.0,772.4420150837656
2023-10-08,3200.0,PRD-030,2023,10,40,0.0,200.0,0.0,1600.0,1600.0,850.0,1569.5009822658078
2023-10-15,0.0,PRD-030,2023,10,41,3200.0,0.0,200.0,0.0,1600.0,850.0,1569.5009822658078
2023-10-22,1600.0,PRD-030,2023,10,42,0.0,3200.0,0.0,200.0,800.0,1200.0,1531.8833724101416
2023-10-29,0.0,PRD-030,2023,10,43,1600.0,0.0,3200.0,0.0,800.0,1200.0,1531.8833724101416
2023-11-05,3200.0,PRD-030,2023,11,44,0.0,1600.0,0.0,3200.0,1600.0,1200.0,1531.8833724101416
2023-11-12,3200.0,PRD-030,2023,11,45,3200.0,0.0,1600.0,0.0,3200.0,2000.0,1531.8833724101416
2023-11-19,1600.0,PRD-030,2023,11,46,3200.0,3200.0,0.0,1600.0,2400.0,2000.0,1531.8833724101416
2023-11-26,0.0,PRD-030,2023,11,47,1600.0,3200.0,3200.0,0.0,800.0,2000.0,1531.8833724101416
2023-12-03,3200.0,PRD-030,2023,12,48,0.0,1600.0,3200.0,3200.0,1600.0,2000.0,1531.8833724101416
2023-12-10,1600.0,PRD-030,2023,12,49,3200.0,0.0,1600.0,3200.0,2400.0,1600.0,1306.3945294843625
2023-12-17,0.0,PRD-030,2023,12,50,1600.0,3200.0,0.0,1600.0,800.0,1200.0,1531.8833724101416
2023-12-24,0.0,PRD-030,2023,12,51,0.0,1600.0,3200.0,0.0,0.0,1200.0,1531.8833724101416
2023-12-31,0.0,PRD-030,2023,12,52,0.0,0.0,1600.0,3200.0,0.0,400.0,800.0000000000013
2024-01-07,17600.0,PRD-030,2024,1,1,0.0,0.0,0.0,1600.0,8800.0,4400.0,8800.0
2024-01-14,4800.0,PRD-030,2024,1,2,17600.0,0.0,0.0,0.0,11200.0,5600.0,8313.843876330611
2024-01-21,0.0,PRD-030,2024,1,3,4800.0,17600.0,0.0,0.0,2400.0,5600.0,8313.843876330611
2023-06-11,0.0,PRD-031,2023,6,23,0.0,0.0,0.0,0.0,0.0,0.0,0.0
2023-06-18,0.0,PRD-031,2023,6,24,0.0,0.0,0.0,0.0,0.0,0.0,0.0
2023-06-25,0.0,PRD-031,2023,6,25,0.0,0.0,0.0,0.0,0.0,0.0,0.0
2023-07-02,0.0,PRD-031,2023,7,26,0.0,0.0,0.0,0.0,0.0,0.0,0.0
2023-07-09,1600.0,PRD-031,2023,7,27,0.0,0.0,0.0,0.0,800.0,400.0,800.0
2023-07-16,0.0,PRD-031,2023,7,28,1600.0,0.0,0.0,0.0,800.0,400.0,800.0
2023-07-23,0.0,PRD-031,2023,7,29,0.0,1600.0,0.0,0.0,0.0,400.0,800.0
2023-07-30,0.0,PRD-031,2023,7,30,0.0,0.0,1600.0,0.0,0.0,400.0,800.0
2023-08-06,0.0,PRD-031,2023,8,31,0.0,0.0,0.0,1600.0,0.0,0.0,0.0
2023-08-13,0.0,PRD-031,2023,8,32,0.0,0.0,0.0,0.0,0.0,0.0,0.0
2023-08-20,0.0,PRD-031,2023,8,33,0.0,0.0,0.0,0.0,0.0,0.0,0.0
2023-08-27,0.0,PRD-031,2023,8,34,0.0,0.0,0.0,0.0,0.0,0.0,0.0
2023-09-03,0.0,PRD-031,2023,9,35,0.0,0.0,0.0,0.0,0.0,0.0,0.0
2023-09-10,0.0,PRD-031,2023,9,36,0.0,0.0,0.0,0.0,0.0,0.0,0.0
2023-09-17,0.0,PRD-031,2023,9,37,0.0,0.0,0.0,0.0,0.0,0.0,0.0
2023-09-24,0.0,PRD-031,2023,9,38,0.0,0.0,0.0,0.0,0.0,0.0,0.0
2023-10-01,0.0,PRD-031,2023,10,39,0.0,0.0,0.0,0.0,0.0,0.0,0.0
2023-10-08,0.0,PRD-031,2023,10,40,0.0,0.0,0.0,0.0,0.0,0.0,0.0
2023-10-15,0.0,PRD-031,2023,10,41,0.0,0.0,0.0,0.0,0.0,0.0,0.0
2023-10-22,1600.0,PRD-031,2023,10,42,0.0,0.0,0.0,0.0,800.0,400.0,800.0
2023-10-29,0.0,PRD-031,2023,10,43,1600.0,0.0,0.0,0.0,800.0,400.0,800.0
2023-11-05,0.0,PRD-031,2023,11,44,0.0,1600.0,0.0,0.0,0.0,400.0,800.0
2023-11-12,0.0,PRD-031,2023,11,45,0.0,0.0,1600.0,0.0,0.0,400.0,800.0
2023-11-19,0.0,PRD-031,2023,11,46,0.0,0.0,0.0,1600.0,0.0,0.0,0.0
2023-11-26,0.0,PRD-031,2023,11,47,0.0,0.0,0.0,0.0,0.0,0.0,0.0
2023-12-03,0.0,PRD-031,2023,12,48,0.0,0.0,0.0,0.0,0.0,0.0,0.0
2023-12-10,0.0,PRD-031,2023,12,49,0.0,0.0,0.0,0.0,0.0,0.0,0.0
2023-12-17,0.0,PRD-031,2023,12,50,0.0,0.0,0.0,0.0,0.0,0.0,0.0
2023-12-24,0.0,PRD-031,2023,12,51,0.0,0.0,0.0,0.0,0.0,0.0,0.0
2023-12-31,0.0,PRD-031,2023,12,52,0.0,0.0,0.0,0.0,0.0,0.0,0.0
2024-01-07,1600.0,PRD-031,2024,1,1,0.0,0.0,0.0,0.0,800.0,400.0,800.0
2024-01-14,0.0,PRD-031,2024,1,2,1600.0,0.0,0.0,0.0,800.0,400.0,800.0
2024-01-21,0.0,PRD-031,2024,1,3,0.0,1600.0,0.0,0.0,0.0,400.0,800.0
2023-06-11,49000.0,PRD-032,2023,6,23,0.0,0.0,0.0,0.0,49000.0,49000.0,0.0
2023-06-18,24000.0,PRD-032,2023,6,24,49000.0,0.0,0.0,0.0,36500.0,36500.0,17677.66952966369
2023-06-25,0.0,PRD-032,2023,6,25,24000.0,49000.0,0.0,0.0,12000.0,24333.333333333332,24501.7006212494
2023-07-02,4000.0,PRD-032,2023,7,26,0.0,24000.0,49000.0,0.0,2000.0,19250.0,22440.662497647732
2023-07-09,52000.0,PRD-032,2023,7,27,4000.0,0.0,24000.0,49000.0,28000.0,20000.0,23776.73933350268
2023-07-16,12000.0,PRD-032,2023,7,28,52000.0,4000.0,0.0,24000.0,32000.0,17000.0,23860.70689089771
2023-07-23,24000.0,PRD-032,2023,7,29,12000.0,52000.0,4000.0,0.0,18000.0,23000.0,21007.93500878497
2023-07-30,0.0,PRD-032,2023,7,30,24000.0,12000.0,52000.0,4000.0,12000.0,22000.0,22271.057451320088
2023-08-06,0.0,PRD-032,2023,8,31,0.0,24000.0,12000.0,52000.0,0.0,9000.0,11489.125293076055
2023-08-13,8000.0,PRD-032,2023,8,32,0.0,0.0,24000.0,12000.0,4000.0,8000.0,11313.708498984757
2023-08-20,28000.0,PRD-032,2023,8,33,8000.0,0.0,0.0,24000.0,18000.0,9000.0,13216.151734399336
2023-08-27,0.0,PRD-032,2023,8,34,28000.0,8000.0,0.0,0.0,14000.0,9000.0,13216.151734399336
2023-09-03,64000.0,PRD-032,2023,9,35,0.0,28000.0,8000.0,0.0,32000.0,25000.0,28542.36617147686
2023-09-10,180500.0,PRD-032,2023,9,36,64000.0,0.0,28000.0,8000.0,122250.0,68125.0,79364.533430662
2023-09-17,8000.0,PRD-032,2023,9,37,180500.0,64000.0,0.0,28000.0,94250.0,63125.0,83269.01684700418
2023-09-24,0.0,PRD-032,2023,9,38,8000.0,180500.0,64000.0,0.0,4000.0,63125.0,83269.01684700418
2023-10-01,256500.0,PRD-032,2023,10,39,0.0,8000.0,180500.0,64000.0,128250.0,111250.0,127710.93662381987
2023-10-08,356000.0,PRD-032,2023,10,40,256500.0,0.0,8000.0,180500.0,306250.0,155125.0,179199.3187301038
2023-10-15,0.0,PRD-032,2023,10,41,356000.0,256500.0,0.0,8000.0,178000.0,153125.0,181419.57584560715
2023-10-22,36000.0,PRD-032,2023,10,42,0.0,356000.0,256500.0,0.0,18000.0,162125.0,171936.21637107176
2023-10-29,0.0,PRD-032,2023,10,43,36000.0,0.0,356000.0,256500.0,18000.0,98000.0,172835.1816037464
2023-11-05,972500.0,PRD-032,2023,11,44,0.0,36000.0,0.0,356000.0,486250.0,252125.0,480549.75028606557
2023-11-12,80000.0,PRD-032,2023,11,45,972500.0,0.0,36000.0,0.0,526250.0,272125.0,468061.3163179941
2023-11-19,76000.0,PRD-032,2023,11,46,80000.0,972500.0,0.0,36000.0,78000.0,282125.0,461719.31859807065
2023-11-26,0.0,PRD-032,2023,11,47,76000.0,80000.0,972500.0,0.0,38000.0,282125.0,461719.31859807065
2023-12-03,248000.0,PRD-032,2023,12,48,0.0,76000.0,80000.0,972500.0,124000.0,101000.0,104683.6504267341
2023-12-10,12500.0,PRD-032,2023,12,49,248000.0,0.0,76000.0,80000.0,130250.0,84125.0,114204.76858111778
2023-12-17,52000.0,PRD-032,2023,12,50,12500.0,248000.0,0.0,76000.0,32250.0,78125.0,115398.13328935034
2023-12-24,0.0,PRD-032,2023,12,51,52000.0,12500.0,248000.0,0.0,26000.0,78125.0,115398.13328935034
2023-12-31,0.0,PRD-032,2023,12,52,0.0,52000.0,12500.0,248000.0,0.0,16125.0,24631.872983325215
2024-01-07,4000.0,PRD-032,2024,1,1,0.0,0.0,52000.0,12500.0,2000.0,14000.0,25403.411844343533
2024-01-14,8500.0,PRD-032,2024,1,2,4000.0,0.0,0.0,52000.0,6250.0,3125.0,4049.1768710854503
2024-01-21,24000.0,PRD-032,2024,1,3,8500.0,4000.0,0.0,0.0,16250.0,9125.0,10506.942149518734
2023-06-11,0.0,PRD-033,2023,6,23,0.0,0.0,0.0,0.0,0.0,0.0,0.0
2023-06-18,0.0,PRD-033,2023,6,24,0.0,0.0,0.0,0.0,0.0,0.0,0.0
2023-06-25,0.0,PRD-033,2023,6,25,0.0,0.0,0.0,0.0,0.0,0.0,0.0
2023-07-02,0.0,PRD-033,2023,7,26,0.0,0.0,0.0,0.0,0.0,0.0,0.0
2023-07-09,42500.0,PRD-033,2023,7,27,0.0,0.0,0.0,0.0,21250.0,10625.0,21250.0
2023-07-16,0.0,PRD-033,2023,7,28,42500.0,0.0,0.0,0.0,21250.0,10625.0,21250.0
2023-07-23,0.0,PRD-033,2023,7,29,0.0,42500.0,0.0,0.0,0.0,10625.0,21250.0
2023-07-30,0.0,PRD-033,2023,7,30,0.0,0.0,42500.0,0.0,0.0,10625.0,21250.0
2023-08-06,0.0,PRD-033,2023,8,31,0.0,0.0,0.0,42500.0,0.0,0.0,0.0
2023-08-13,15000.0,PRD-033,2023,8,32,0.0,0.0,0.0,0.0,7500.0,3750.0,7500.0
2023-08-20,0.0,PRD-033,2023,8,33,15000.0,0.0,0.0,0.0,7500.0,3750.0,7500.0
2023-08-27,0.0,PRD-033,2023,8,34,0.0,15000.0,0.0,0.0,0.0,3750.0,7500.0
2023-09-03,27500.0,PRD-033,2023,9,35,0.0,0.0,15000.0,0.0,13750.0,10625.0,13287.682265918313
2023-09-10,0.0,PRD-033,2023,9,36,27500.0,0.0,0.0,15000.0,13750.0,6875.0,13750.0
2023-09-17,0.0,PRD-033,2023,9,37,0.0,27500.0,0.0,0.0,0.0,6875.0,13750.0
2023-09-24,0.0,PRD-033,2023,9,38,0.0,0.0,27500.0,0.0,0.0,6875.0,13750.0
2023-10-01,0.0,PRD-033,2023,10,39,0.0,0.0,0.0,27500.0,0.0,0.0,0.0
2023-10-08,17500.0,PRD-033,2023,10,40,0.0,0.0,0.0,0.0,8750.0,4375.0,8750.0
2023-10-15,0.0,PRD-033,2023,10,41,17500.0,0.0,0.0,0.0,8750.0,4375.0,8750.0
2023-10-22,0.0,PRD-033,2023,10,42,0.0,17500.0,0.0,0.0,0.0,4375.0,8750.0
2023-10-29,0.0,PRD-033,2023,10,43,0.0,0.0,17500.0,0.0,0.0,4375.0,8750.0
2023-11-05,12500.0,PRD-033,2023,11,44,0.0,0.0,0.0,17500.0,6250.0,3125.0,6250.0
2023-11-12,0.0,PRD-033,2023,11,45,12500.0,0.0,0.0,0.0,6250.0,3125.0,6250.0
2023-11-19,0.0,PRD-033,2023,11,46,0.0,12500.0,0.0,0.0,0.0,3125.0,6250.0
2023-11-26,0.0,PRD-033,2023,11,47,0.0,0.0,12500.0,0.0,0.0,3125.0,6250.0
2023-12-03,7500.0,PRD-033,2023,12,48,0.0,0.0,0.0,12500.0,3750.0,1875.0,3750.0
2023-12-10,0.0,PRD-033,2023,12,49,7500.0,0.0,0.0,0.0,3750.0,1875.0,3750.0
2023-12-17,0.0,PRD-033,2023,12,50,0.0,7500.0,0.0,0.0,0.0,1875.0,3750.0
2023-12-24,0.0,PRD-033,2023,12,51,0.0,0.0,7500.0,0.0,0.0,1875.0,3750.0
2023-12-31,0.0,PRD-033,2023,12,52,0.0,0.0,0.0,7500.0,0.0,0.0,0.0
2024-01-07,0.0,PRD-033,2024,1,1,0.0,0.0,0.0,0.0,0.0,0.0,0.0
2024-01-14,0.0,PRD-033,2024,1,2,0.0,0.0,0.0,0.0,0.0,0.0,0.0
2024-01-21,0.0,PRD-033,2024,1,3,0.0,0.0,0.0,0.0,0.0,0.0,0.0
2023-11-05,1200.0,PRD-034,2023,11,44,0.0,0.0,0.0,0.0,1200.0,1200.0,0.0
2023-11-12,0.0,PRD-034,2023,11,45,1200.0,0.0,0.0,0.0,600.0,600.0,848.5281374238571
2023-11-19,0.0,PRD-034,2023,11,46,0.0,1200.0,0.0,0.0,0.0,400.0,692.8203230275509
2023-11-26,0.0,PRD-034,2023,11,47,0.0,0.0,1200.0,0.0,0.0,300.0,600.0
2023-12-03,0.0,PRD-034,2023,12,48,0.0,0.0,0.0,1200.0,0.0,0.0,0.0
2023-12-10,0.0,PRD-034,2023,12,49,0.0,0.0,0.0,0.0,0.0,0.0,0.0
2023-12-17,0.0,PRD-034,2023,12,50,0.0,0.0,0.0,0.0,0.0,0.0,0.0
2023-12-24,0.0,PRD-034,2023,12,51,0.0,0.0,0.0,0.0,0.0,0.0,0.0
2023-12-31,0.0,PRD-034,2023,12,52,0.0,0.0,0.0,0.0,0.0,0.0,0.0
2024-01-07,0.0,PRD-034,2024,1,1,0.0,0.0,0.0,0.0,0.0,0.0,0.0
2024-01-14,0.0,PRD-034,2024,1,2,0.0,0.0,0.0,0.0,0.0,0.0,0.0
2024-01-21,0.0,PRD-034,2024,1,3,0.0,0.0,0.0,0.0,0.0,0.0,0.0
2023-06-11,6400.0,PRD-035,2023,6,23,0.0,0.0,0.0,0.0,6400.0,6400.0,0.0
2023-06-18,0.0,PRD-035,2023,6,24,6400.0,0.0,0.0,0.0,3200.0,3200.0,4525.483399593904
2023-06-25,0.0,PRD-035,2023,6,25,0.0,6400.0,0.0,0.0,0.0,2133.3333333333335,3695.041722813605
2023-07-02,0.0,PRD-035,2023,7,26,0.0,0.0,6400.0,0.0,0.0,1600.0,3199.9999999999995
2023-07-09,2400.0,PRD-035,2023,7,27,0.0,0.0,0.0,6400.0,1200.0,600.0,1200.0
2023-07-16,0.0,PRD-035,2023,7,28,2400.0,0.0,0.0,0.0,1200.0,600.0,1200.0
2023-07-23,0.0,PRD-035,2023,7,29,0.0,2400.0,0.0,0.0,0.0,600.0,1200.0
2023-07-30,0.0,PRD-035,2023,7,30,0.0,0.0,2400.0,0.0,0.0,600.0,1200.0
2023-08-06,0.0,PRD-035,2023,8,31,0.0,0.0,0.0,2400.0,0.0,0.0,0.0
2023-08-13,6600.0,PRD-035,2023,8,32,0.0,0.0,0.0,0.0,3300.0,1650.0,3300.0
2023-08-20,600.0,PRD-035,2023,8,33,6600.0,0.0,0.0,0.0,3600.0,1800.0,3212.475680841802
2023-08-27,0.0,PRD-035,2023,8,34,600.0,6600.0,0.0,0.0,300.0,1800.0,3212.475680841802
2023-09-03,1200.0,PRD-035,2023,9,35,0.0,600.0,6600.0,0.0,600.0,2100.0,3039.736830714133
2023-09-10,1800.0,PRD-035,2023,9,36,1200.0,0.0,600.0,6600.0,1500.0,900.0,774.5966692414834
2023-09-17,1200.0,PRD-035,2023,9,37,1800.0,1200.0,0.0,600.0,1500.0,1050.0,754.983443527075
2023-09-24,0.0,PRD-035,2023,9,38,1200.0,1800.0,1200.0,0.0,600.0,1050.0,754.983443527075
2023-10-01,0.0,PRD-035,2023,10,39,0.0,1200.0,1800.0,1200.0,0.0,750.0,900.0
2023-10-08,0.0,PRD-035,2023,10,40,0.0,0.0,1200.0,1800.0,0.0,300.0,600.0
2023-10-15,0.0,PRD-035,2023,10,41,0.0,0.0,0.0,1200.0,0.0,0.0,0.0
2023-10-22,0.0,PRD-035,2023,10,42,0.0,0.0,0.0,0.0,0.0,0.0,0.0
2023-10-29,0.0,PRD-035,2023,10,43,0.0,0.0,0.0,0.0,0.0,0.0,0.0
2023-11-05,7200.0,PRD-035,2023,11,44,0.0,0.0,0.0,0.0,3600.0,1800.0,3600.0
2023-11-12,0.0,PRD-035,2023,11,45,7200.0,0.0,0.0,0.0,3600.0,1800.0,3600.0
2023-11-19,1200.0,PRD-035,2023,11,46,0.0,7200.0,0.0,0.0,600.0,2100.0,3446.737587922817
2023-11-26,0.0,PRD-035,2023,11,47,1200.0,0.0,7200.0,0.0,600.0,2100.0,3446.737587922817
2023-12-03,800.0,PRD-035,2023,12,48,0.0,1200.0,0.0,7200.0,400.0,500.0,600.0
2023-12-10,1800.0,PRD-035,2023,12,49,800.0,0.0,1200.0,0.0,1300.0,950.0,754.983443527075
2023-12-17,2400.0,PRD-035,2023,12,50,1800.0,800.0,0.0,1200.0,2100.0,1250.0,1063.014581273465
2023-12-24,0.0,PRD-035,2023,12,51,2400.0,1800.0,800.0,0.0,1200.0,1250.0,1063.014581273465
2023-12-31,0.0,PRD-035,2023,12,52,0.0,2400.0,1800.0,800.0,0.0,1050.0,1236.9316876852981
2024-01-07,4200.0,PRD-035,2024,1,1,0.0,0.0,2400.0,1800.0,2100.0,1650.0,2042.0577856662137
2024-01-14,3500.0,PRD-035,2024,1,2,4200.0,0.0,0.0,2400.0,3850.0,1925.0,2241.093483101497
2024-01-21,0.0,PRD-035,2024,1,3,3500.0,4200.0,0.0,0.0,1750.0,1925.0,2241.093483101497
2023-06-11,2400.0,PRD-036,2023,6,23,0.0,0.0,0.0,0.0,2400.0,2400.0,0.0
2023-06-18,0.0,PRD-036,2023,6,24,2400.0,0.0,0.0,0.0,1200.0,1200.0,1697.0562748477141
2023-06-25,0.0,PRD-036,2023,6,25,0.0,2400.0,0.0,0.0,0.0,800.0,1385.6406460551018
2023-07-02,0.0,PRD-036,2023,7,26,0.0,0.0,2400.0,0.0,0.0,600.0,1200.0
2023-07-09,0.0,PRD-036,2023,7,27,0.0,0.0,0.0,2400.0,0.0,0.0,0.0
2023-07-16,1200.0,PRD-036,2023,7,28,0.0,0.0,0.0,0.0,600.0,300.0,600.0
2023-07-23,0.0,PRD-036,2023,7,29,1200.0,0.0,0.0,0.0,600.0,300.0,600.0
2023-07-30,0.0,PRD-036,2023,7,30,0.0,1200.0,0.0,0.0,0.0,300.0,600.0
2023-08-06,0.0,PRD-036,2023,8,31,0.0,0.0,1200.0,0.0,0.0,300.0,600.0
2023-08-13,0.0,PRD-036,2023,8,32,0.0,0.0,0.0,1200.0,0.0,0.0,0.0
2023-08-20,0.0,PRD-036,2023,8,33,0.0,0.0,0.0,0.0,0.0,0.0,0.0
2023-08-27,0.0,PRD-036,2023,8,34,0.0,0.0,0.0,0.0,0.0,0.0,0.0
2023-09-03,12000.0,PRD-036,2023,9,35,0.0,0.0,0.0,0.0,6000.0,3000.0,6000.0
2023-09-10,0.0,PRD-036,2023,9,36,12000.0,0.0,0.0,0.0,6000.0,3000.0,6000.0
2023-09-17,2000.0,PRD-036,2023,9,37,0.0,12000.0,0.0,0.0,1000.0,3500.0,5744.562646538028
2023-09-24,0.0,PRD-036,2023,9,38,2000.0,0.0,12000.0,0.0,1000.0,3500.0,5744.562646538028
2023-10-01,0.0,PRD-036,2023,10,39,0.0,2000.0,0.0,12000.0,0.0,500.0,999.9999999999983
2023-10-08,12000.0,PRD-036,2023,10,40,0.0,0.0,2000.0,0.0,6000.0,3500.0,5744.562646538028
2023-10-15,0.0,PRD-036,2023,10,41,12000.0,0.0,0.0,2000.0,6000.0,3000.0,6000.0
2023-10-22,0.0,PRD-036,2023,10,42,0.0,12000.0,0.0,0.0,0.0,3000.0,6000.0
2023-10-29,0.0,PRD-036,2023,10,43,0.0,0.0,12000.0,0.0,0.0,3000.0,6000.0
2023-11-05,3000.0,PRD-036,2023,11,44,0.0,0.0,0.0,12000.0,1500.0,750.0,1500.0
2023-11-12,0.0,PRD-036,2023,11,45,3000.0,0.0,0.0,0.0,1500.0,750.0,1500.0
2023-11-19,0.0,PRD-036,2023,11,46,0.0,3000.0,0.0,0.0,0.0,750.0,1500.0
2023-11-26,1000.0,PRD-036,2023,11,47,0.0,0.0,3000.0,0.0,500.0,1000.0,1414.213562373095
2023-12-03,2000.0,PRD-036,2023,12,48,1000.0,0.0,0.0,3000.0,1500.0,750.0,957.427107756338
2023-12-10,0.0,PRD-036,2023,12,49,2000.0,1000.0,0.0,0.0,1000.0,750.0,957.427107756338
2023-12-17,17000.0,PRD-036,2023,12,50,0.0,2000.0,1000.0,0.0,8500.0,5000.0,8041.558721209879
2023-12-24,0.0,PRD-036,2023,12,51,17000.0,0.0,2000.0,1000.0,8500.0,4750.0,8220.908303425682
2023-12-31,0.0,PRD-036,2023,12,52,0.0,17000.0,0.0,2000.0,0.0,4250.0,8500.0
2024-01-07,0.0,PRD-036,2024,1,1,0.0,0.0,17000.0,0.0,0.0,4250.0,8500.0
2024-01-14,0.0,PRD-036,2024,1,2,0.0,0.0,0.0,17000.0,0.0,0.0,0.0
2024-01-21,0.0,PRD-036,2024,1,3,0.0,0.0,0.0,0.0,0.0,0.0,0.0
2023-06-11,2500.0,PRD-037,2023,6,23,0.0,0.0,0.0,0.0,2500.0,2500.0,0.0
2023-06-18,2500.0,PRD-037,2023,6,24,2500.0,0.0,0.0,0.0,2500.0,2500.0,0.0
2023-06-25,0.0,PRD-037,2023,6,25,2500.0,2500.0,0.0,0.0,1250.0,1666.6666666666667,1443.3756729740644
2023-07-02,2500.0,PRD-037,2023,7,26,0.0,2500.0,2500.0,0.0,1250.0,1875.0,1250.0
2023-07-09,0.0,PRD-037,2023,7,27,2500.0,0.0,2500.0,2500.0,1250.0,1250.0,1443.3756729740644
2023-07-16,5250.0,PRD-037,2023,7,28,0.0,2500.0,0.0,2500.0,2625.0,1937.5,2503.123049312598
2023-07-23,0.0,PRD-037,2023,7,29,5250.0,0.0,2500.0,0.0,2625.0,1937.5,2503.123049312598
2023-07-30,0.0,PRD-037,2023,7,30,0.0,5250.0,0.0,2500.0,0.0,1312.5,2625.0
2023-08-06,0.0,PRD-037,2023,8,31,0.0,0.0,5250.0,0.0,0.0,1312.5,2625.0
2023-08-13,0.0,PRD-037,2023,8,32,0.0,0.0,0.0,5250.0,0.0,0.0,0.0
2023-08-20,0.0,PRD-037,2023,8,33,0.0,0.0,0.0,0.0,0.0,0.0,0.0
2023-08-27,0.0,PRD-037,2023,8,34,0.0,0.0,0.0,0.0,0.0,0.0,0.0
2023-09-03,0.0,PRD-037,2023,9,35,0.0,0.0,0.0,0.0,0.0,0.0,0.0
2023-09-10,0.0,PRD-037,2023,9,36,0.0,0.0,0.0,0.0,0.0,0.0,0.0
2023-09-17,5000.0,PRD-037,2023,9,37,0.0,0.0,0.0,0.0,2500.0,1250.0,2500.0
2023-09-24,0.0,PRD-037,2023,9,38,5000.0,0.0,0.0,0.0,2500.0,1250.0,2500.0
2023-10-01,0.0,PRD-037,2023,10,39,0.0,5000.0,0.0,0.0,0.0,1250.0,2500.0
2023-10-08,0.0,PRD-037,2023,10,40,0.0,0.0,5000.0,0.0,0.0,1250.0,2500.0
2023-10-15,0.0,PRD-037,2023,10,41,0.0,0.0,0.0,5000.0,0.0,0.0,0.0
2023-10-22,0.0,PRD-037,2023,10,42,0.0,0.0,0.0,0.0,0.0,0.0,0.0
2023-10-29,0.0,PRD-037,2023,10,43,0.0,0.0,0.0,0.0,0.0,0.0,0.0
2023-11-05,0.0,PRD-037,2023,11,44,0.0,0.0,0.0,0.0,0.0,0.0,0.0
2023-11-12,0.0,PRD-037,2023,11,45,0.0,0.0,0.0,0.0,0.0,0.0,0.0
2023-11-19,2500.0,PRD-037,2023,11,46,0.0,0.0,0.0,0.0,1250.0,625.0,1250.0
2023-11-26,250.0,PRD-037,2023,11,47,2500.0,0.0,0.0,0.0,1375.0,687.5,1214.0668570277887
2023-12-03,0.0,PRD-037,2023,12,48,250.0,2500.0,0.0,0.0,125.0,687.5,1214.0668570277887
2023-12-10,0.0,PRD-037,2023,12,49,0.0,250.0,2500.0,0.0,0.0,687.5,1214.0668570277887
2023-12-17,2500.0,PRD-037,2023,12,50,0.0,0.0,250.0,2500.0,1250.0,687.5,1214.0668570277887
2023-12-24,0.0,PRD-037,2023,12,51,2500.0,0.0,0.0,250.0,1250.0,625.0,1250.0
2023-12-31,0.0,PRD-037,2023,12,52,0.0,2500.0,0.0,0.0,0.0,625.0,1250.0
2024-01-07,0.0,PRD-037,2024,1,1,0.0,0.0,2500.0,0.0,0.0,625.0,1250.0
2024-01-14,0.0,PRD-037,2024,1,2,0.0,0.0,0.0,2500.0,0.0,0.0,0.0
2024-01-21,0.0,PRD-037,2024,1,3,0.0,0.0,0.0,0.0,0.0,0.0,0.0
2023-06-11,39800.0,PRD-038,2023,6,23,0.0,0.0,0.0,0.0,39800.0,39800.0,0.0
2023-06-18,9800.0,PRD-038,2023,6,24,39800.0,0.0,0.0,0.0,24800.0,24800.0,21213.203435596424
2023-06-25,23400.0,PRD-038,2023,6,25,9800.0,39800.0,0.0,0.0,16600.0,24333.333333333332,15021.761991635114
2023-07-02,3200.0,PRD-038,2023,7,26,23400.0,9800.0,39800.0,0.0,13300.0,19050.0,16189.193926814269
2023-07-09,33800.0,PRD-038,2023,7,27,3200.0,23400.0,9800.0,39800.0,18500.0,17550.0,13714.590770416738
2023-07-16,5200.0,PRD-038,2023,7,28,33800.0,3200.0,23400.0,9800.0,19500.0,16400.0,14735.897212815604
2023-07-23,16200.0,PRD-038,2023,7,29,5200.0,33800.0,3200.0,23400.0,10700.0,14600.0,14018.083558984326
2023-07-30,10000.0,PRD-038,2023,7,30,16200.0,5200.0,33800.0,3200.0,13100.0,16300.0,12505.465471811382
2023-08-06,0.0,PRD-038,2023,8,31,10000.0,16200.0,5200.0,33800.0,5000.0,7850.0,6903.863652574068
2023-08-13,36600.0,PRD-038,2023,8,32,0.0,10000.0,16200.0,5200.0,18300.0,15700.0,15449.271827500479
2023-08-20,21000.0,PRD-038,2023,8,33,36600.0,0.0,10000.0,16200.0,28800.0,16900.0,15685.662242952958
2023-08-27,51800.0,PRD-038,2023,8,34,21000.0,36600.0,0.0,10000.0,36400.0,27350.0,22148.814866714652
2023-09-03,70200.0,PRD-038,2023,9,35,51800.0,21000.0,36600.0,0.0,61000.0,44900.0,21038.060747131614
2023-09-10,47600.0,PRD-038,2023,9,36,70200.0,51800.0,21000.0,36600.0,58900.0,47650.0,20297.372572166412
2023-09-17,84000.0,PRD-038,2023,9,37,47600.0,70200.0,51800.0,21000.0,65800.0,63400.0,16879.96840439381
2023-09-24,11800.0,PRD-038,2023,9,38,84000.0,47600.0,70200.0,51800.0,47900.0,53400.0,31531.99433379796
2023-10-01,149200.0,PRD-038,2023,10,39,11800.0,84000.0,47600.0,70200.0,80500.0,73150.0,58645.687536822916
2023-10-08,99600.0,PRD-038,2023,10,40,149200.0,11800.0,84000.0,47600.0,124400.0,86150.0,56829.42313039376
2023-10-15,0.0,PRD-038,2023,10,41,99600.0,149200.0,11800.0,84000.0,49800.0,65150.0,71512.1201848563
2023-10-22,11600.0,PRD-038,2023,10,42,0.0,99600.0,149200.0,11800.0,5800.0,65100.0,71561.90793059298
2023-10-29,126600.0,PRD-038,2023,10,43,11600.0,0.0,99600.0,149200.0,69100.0,59450.0,63100.633911237375
2023-11-05,170000.0,PRD-038,2023,11,44,126600.0,11600.0,0.0,99600.0,148300.0,77050.0,84291.77500404968
2023-11-12,7400.0,PRD-038,2023,11,45,170000.0,126600.0,11600.0,0.0,88700.0,78900.0,82089.46339208218
2023-11-19,19600.0,PRD-038,2023,11,46,7400.0,170000.0,126600.0,11600.0,13500.0,80900.0,79973.41224848836
2023-11-26,13200.0,PRD-038,2023,11,47,19600.0,7400.0,170000.0,126600.0,16400.0,52550.0,78458.37537616151
2023-12-03,57700.0,PRD-038,2023,12,48,13200.0,19600.0,7400.0,170000.0,35450.0,24475.0,22703.505603026744
2023-12-10,12800.0,PRD-038,2023,12,49,57700.0,13200.0,19600.0,7400.0,35250.0,25825.0,21477.177809634733
2023-12-17,50200.0,PRD-038,2023,12,50,12800.0,57700.0,13200.0,19600.0,31500.0,33475.0,23840.494262214168
2023-12-24,3800.0,PRD-038,2023,12,51,50200.0,12800.0,57700.0,13200.0,27000.0,31125.0,26786.486020628636
2023-12-31,0.0,PRD-038,2023,12,52,3800.0,50200.0,12800.0,57700.0,1900.0,16700.0,22969.254813046646
2024-01-07,2600.0,PRD-038,2024,1,1,0.0,3800.0,50200.0,12800.0,1300.0,14150.0,24085.611195621892
2024-01-14,20400.0,PRD-038,2024,1,2,2600.0,0.0,3800.0,50200.0,11500.0,6700.0,9270.023372857982
2024-01-21,9800.0,PRD-038,2024,1,3,20400.0,2600.0,0.0,3800.0,15100.0,8200.0,9128.709291752764
2023-06-11,10800.0,PRD-039,2023,6,23,0.0,0.0,0.0,0.0,10800.0,10800.0,0.0
2023-06-18,0.0,PRD-039,2023,6,24,10800.0,0.0,0.0,0.0,5400.0,5400.0,7636.753236814713
2023-06-25,4800.0,PRD-039,2023,6,25,0.0,10800.0,0.0,0.0,2400.0,5200.0,5411.099703387473
2023-07-02,1200.0,PRD-039,2023,7,26,4800.0,0.0,10800.0,0.0,3000.0,4200.0,4849.742261192857
2023-07-09,12600.0,PRD-039,2023,7,27,1200.0,4800.0,0.0,10800.0,6900.0,4650.0,5678.908345800273
2023-07-16,31200.0,PRD-039,2023,7,28,12600.0,1200.0,4800.0,0.0,21900.0,12450.0,13374.976635493611
2023-07-23,8600.0,PRD-039,2023,7,29,31200.0,12600.0,1200.0,4800.0,19900.0,13400.0,12771.844032871682
2023-07-30,53400.0,PRD-039,2023,7,30,8600.0,31200.0,12600.0,1200.0,31000.0,26450.0,20488.28933805846
2023-08-06,0.0,PRD-039,2023,8,31,53400.0,8600.0,31200.0,12600.0,26700.0,23300.0,23995.832971580712
2023-08-13,17200.0,PRD-039,2023,8,32,0.0,53400.0,8600.0,31200.0,8600.0,19800.0,23474.809193402758
2023-08-20,4800.0,PRD-039,2023,8,33,17200.0,0.0,53400.0,8600.0,11000.0,18850.0,24146.428307308724
2023-08-27,3600.0,PRD-039,2023,8,34,4800.0,17200.0,0.0,53400.0,4200.0,6400.0,7483.314773547885
2023-09-03,1200.0,PRD-039,2023,9,35,3600.0,4800.0,17200.0,0.0,2400.0,6700.0,7158.2120672693145
2023-09-10,1800.0,PRD-039,2023,9,36,1200.0,3600.0,4800.0,17200.0,1500.0,2850.0,1652.2711641858396
2023-09-17,1400.0,PRD-039,2023,9,37,1800.0,1200.0,3600.0,4800.0,1600.0,2000.0,1095.4451150103457
2023-09-24,1200.0,PRD-039,2023,9,38,1400.0,1800.0,1200.0,3600.0,1300.0,1400.0,282.8427124746716
2023-10-01,0.0,PRD-039,2023,10,39,1200.0,1400.0,1800.0,1200.0,600.0,1100.0,774.5966692415026
2023-10-08,12800.0,PRD-039,2023,10,40,0.0,1200.0,1400.0,1800.0,6400.0,3850.0,5998.610950322864
2023-10-15,0.0,PRD-039,2023,10,41,12800.0,0.0,1200.0,1400.0,6400.0,3500.0,6225.752966509355
2023-10-22,3600.0,PRD-039,2023,10,42,0.0,12800.0,0.0,1200.0,1800.0,4100.0,6043.177971895254
2023-10-29,200.0,PRD-039,2023,10,43,3600.0,0.0,12800.0,0.0,1900.0,4150.0,5998.610950322864
2023-11-05,11200.0,PRD-039,2023,11,44,200.0,3600.0,0.0,12800.0,5700.0,3750.0,5234.182521336708
2023-11-12,1600.0,PRD-039,2023,11,45,11200.0,200.0,3600.0,0.0,6400.0,4150.0,4902.720333311569
2023-11-19,1200.0,PRD-039,2023,11,46,1600.0,11200.0,200.0,3600.0,1400.0,3550.0,5133.874430356347
2023-11-26,4800.0,PRD-039,2023,11,47,1200.0,1600.0,11200.0,200.0,3000.0,4700.0,4623.130252689553
2023-12-03,0.0,PRD-039,2023,12,48,4800.0,1200.0,1600.0,11200.0,2400.0,1900.0,2049.39015319193
2023-12-10,6000.0,PRD-039,2023,12,49,0.0,4800.0,1200.0,1600.0,3000.0,3000.0,2856.5713714171475
2023-12-17,1200.0,PRD-039,2023,12,50,6000.0,0.0,4800.0,1200.0,3600.0,3000.0,2856.5713714171475
2023-12-24,3600.0,PRD-039,2023,12,51,1200.0,6000.0,0.0,4800.0,2400.0,2700.0,2660.826939130022
2023-12-31,0.0,PRD-039,2023,12,52,3600.0,1200.0,6000.0,0.0,1800.0,2700.0,2660.826939130022
2024-01-07,8600.0,PRD-039,2024,1,1,0.0,3600.0,1200.0,6000.0,4300.0,3350.0,3806.5732621348616
2024-01-14,2400.0,PRD-039,2024,1,2,8600.0,0.0,3600.0,1200.0,5500.0,3650.0,3623.5341863986937
2024-01-21,1400.0,PRD-039,2024,1,3,2400.0,8600.0,0.0,3600.0,1900.0,3100.0,3796.4896066410315
2023-06-11,240000.0,PRD-040,2023,6,23,0.0,0.0,0.0,0.0,240000.0,240000.0,0.0
2023-06-18,128000.0,PRD-040,2023,6,24,240000.0,0.0,0.0,0.0,184000.0,184000.0,79195.95949289332
2023-06-25,95000.0,PRD-040,2023,6,25,128000.0,240000.0,0.0,0.0,111500.0,154333.33333333334,76002.19295081777
2023-07-02,570500.0,PRD-040,2023,7,26,95000.0,128000.0,240000.0,0.0,332750.0,258375.0,217139.50009153102
2023-07-09,288250.0,PRD-040,2023,7,27,570500.0,95000.0,128000.0,240000.0,429375.0,270437.5,217118.6671500173
2023-07-16,152000.0,PRD-040,2023,7,28,288250.0,570500.0,95000.0,128000.0,220125.0,276437.5,212145.03441042404
2023-07-23,212000.0,PRD-040,2023,7,29,152000.0,288250.0,570500.0,95000.0,182000.0,305687.5,185136.81596322218
2023-07-30,116250.0,PRD-040,2023,7,30,212000.0,152000.0,288250.0,570500.0,164125.0,192125.0,75281.83158416557
2023-08-06,0.0,PRD-040,2023,8,31,116250.0,212000.0,152000.0,288250.0,58125.0,120062.5,89260.00760885772
2023-08-13,338000.0,PRD-040,2023,8,32,0.0,116250.0,212000.0,152000.0,169000.0,166562.5,143445.45638790145
2023-08-20,114250.0,PRD-040,2023,8,33,338000.0,0.0,116250.0,212000.0,226125.0,142125.0,141436.74970341573
2023-08-27,152500.0,PRD-040,2023,8,34,114250.0,338000.0,0.0,116250.0,133375.0,151187.5,140383.60763161298
2023-09-03,249500.0,PRD-040,2023,9,35,152500.0,114250.0,338000.0,0.0,201000.0,213562.5,100611.12740812189
2023-09-10,130000.0,PRD-040,2023,9,36,249500.0,152500.0,114250.0,338000.0,189750.0,161562.5,60689.913700713085
2023-09-17,118000.0,PRD-040,2023,9,37,130000.0,249500.0,152500.0,114250.0,124000.0,162500.0,59736.92325521965
2023-09-24,142000.0,PRD-040,2023,9,38,118000.0,130000.0,249500.0,152500.0,130000.0,159875.0,60548.01813437003
2023-10-01,26000.0,PRD-040,2023,10,39,142000.0,118000.0,130000.0,249500.0,84000.0,104000.0,52915.02622129183
2023-10-08,370000.0,PRD-040,2023,10,40,26000.0,142000.0,118000.0,130000.0,198000.0,164000.0,146150.6072515609
2023-10-15,38000.0,PRD-040,2023,10,41,370000.0,26000.0,142000.0,118000.0,204000.0,144000.0,159415.59940398973
2023-10-22,112000.0,PRD-040,2023,10,42,38000.0,370000.0,26000.0,142000.0,75000.0,136500.0,160244.60469336662
2023-10-29,86250.0,PRD-040,2023,10,43,112000.0,38000.0,370000.0,26000.0,99125.0,151562.5,148820.13402650418
2023-11-05,338500.0,PRD-040,2023,11,44,86250.0,112000.0,38000.0,370000.0,212375.0,143687.5,133447.76990143623
2023-11-12,102000.0,PRD-040,2023,11,45,338500.0,86250.0,112000.0,38000.0,220250.0,159687.5,119678.62782607986
2023-11-19,136000.0,PRD-040,2023,11,46,102000.0,338500.0,86250.0,112000.0,119000.0,165687.5,117063.97378499218
2023-11-26,110000.0,PRD-040,2023,11,47,136000.0,102000.0,338500.0,86250.0,123000.0,171625.0,112192.82136868949
2023-12-03,238000.0,PRD-040,2023,12,48,110000.0,136000.0,102000.0,338500.0,174000.0,146500.0,62703.00364947974
2023-12-10,184250.0,PRD-040,2023,12,49,238000.0,110000.0,136000.0,102000.0,211125.0,167062.5,56416.74359915978
2023-12-17,124000.0,PRD-040,2023,12,50,184250.0,238000.0,110000.0,136000.0,154125.0,164062.5,58884.19956434269
2023-12-24,120000.0,PRD-040,2023,12,51,124000.0,184250.0,238000.0,110000.0,122000.0,166562.5,55963.6693906562
2023-12-31,100000.0,PRD-040,2023,12,52,120000.0,124000.0,184250.0,238000.0,110000.0,132062.5,36341.1927661527
2024-01-07,200500.0,PRD-040,2024,1,1,100000.0,120000.0,124000.0,184250.0,150250.0,136125.0,44182.151373603374
2024-01-14,182500.0,PRD-040,2024,1,2,200500.0,100000.0,120000.0,124000.0,191500.0,150750.0,48319.25082200678
2024-01-21,198000.0,PRD-040,2024,1,3,182500.0,200500.0,100000.0,120000.0,190250.0,170250.0,47505.26286633938
2023-06-11,12000.0,PRD-041,2023,6,23,0.0,0.0,0.0,0.0,12000.0,12000.0,0.0
2023-06-18,40000.0,PRD-041,2023,6,24,12000.0,0.0,0.0,0.0,26000.0,26000.0,19798.98987322333
2023-06-25,8000.0,PRD-041,2023,6,25,40000.0,12000.0,0.0,0.0,24000.0,20000.0,17435.595774162695
2023-07-02,12000.0,PRD-041,2023,7,26,8000.0,40000.0,12000.0,0.0,10000.0,18000.0,14787.382008545888
2023-07-09,44000.0,PRD-041,2023,7,27,12000.0,8000.0,40000.0,12000.0,28000.0,26000.0,18618.986725025254
2023-07-16,16000.0,PRD-041,2023,7,28,44000.0,12000.0,8000.0,40000.0,30000.0,20000.0,16329.93161855452
2023-07-23,8000.0,PRD-041,2023,7,29,16000.0,44000.0,12000.0,8000.0,12000.0,20000.0,16329.93161855452
2023-07-30,12000.0,PRD-041,2023,7,30,8000.0,16000.0,44000.0,12000.0,10000.0,20000.0,16329.93161855452
2023-08-06,0.0,PRD-041,2023,8,31,12000.0,8000.0,16000.0,44000.0,6000.0,9000.0,6831.300510639732
2023-08-13,28000.0,PRD-041,2023,8,32,0.0,12000.0,8000.0,16000.0,14000.0,12000.0,11775.681155103795
2023-08-20,8000.0,PRD-041,2023,8,33,28000.0,0.0,12000.0,8000.0,18000.0,12000.0,11775.681155103795
2023-08-27,12000.0,PRD-041,2023,8,34,8000.0,28000.0,0.0,12000.0,10000.0,12000.0,11775.681155103795
2023-09-03,40000.0,PRD-041,2023,9,35,12000.0,8000.0,28000.0,0.0,26000.0,22000.0,14787.382008545888
2023-09-10,20000.0,PRD-041,2023,9,36,40000.0,12000.0,8000.0,28000.0,30000.0,20000.0,14236.104336041748
2023-09-17,8000.0,PRD-041,2023,9,37,20000.0,40000.0,12000.0,8000.0,14000.0,20000.0,14236.104336041748
2023-09-24,0.0,PRD-041,2023,9,38,8000.0,20000.0,40000.0,12000.0,4000.0,17000.0,17397.317800933186
2023-10-01,4000.0,PRD-041,2023,10,39,0.0,8000.0,20000.0,40000.0,2000.0,8000.0,8640.987597877145
2023-10-08,41000.0,PRD-041,2023,10,40,4000.0,0.0,8000.0,20000.0,22500.0,13250.0,18786.076404259264
2023-10-15,0.0,PRD-041,2023,10,41,41000.0,4000.0,0.0,8000.0,20500.0,11250.0,19922.767545365445
2023-10-22,24000.0,PRD-041,2023,10,42,0.0,41000.0,4000.0,0.0,12000.0,17250.0,18997.806890972093
2023-10-29,72000.0,PRD-041,2023,10,43,24000.0,0.0,41000.0,4000.0,48000.0,34250.0,30269.62173533062
2023-11-05,61500.0,PRD-041,2023,11,44,72000.0,24000.0,0.0,41000.0,66750.0,39375.0,33370.08390759604
2023-11-12,4000.0,PRD-041,2023,11,45,61500.0,72000.0,24000.0,0.0,32750.0,40375.0,31820.787230991
2023-11-19,4000.0,PRD-041,2023,11,46,4000.0,61500.0,72000.0,24000.0,4000.0,35375.0,36481.445055443364
2023-11-26,8000.0,PRD-041,2023,11,47,4000.0,4000.0,61500.0,72000.0,6000.0,19375.0,28146.565805914346
2023-12-03,46500.0,PRD-041,2023,12,48,8000.0,4000.0,4000.0,61500.0,27250.0,15625.0,20669.52265212399
2023-12-10,4000.0,PRD-041,2023,12,49,46500.0,8000.0,4000.0,4000.0,25250.0,15625.0,20669.52265212399
2023-12-17,80000.0,PRD-041,2023,12,50,4000.0,46500.0,8000.0,4000.0,42000.0,34625.0,35808.227639282384
2023-12-24,4000.0,PRD-041,2023,12,51,80000.0,4000.0,46500.0,8000.0,42000.0,33625.0,36840.59129094791
2023-12-31,2500.0,PRD-041,2023,12,52,4000.0,80000.0,4000.0,46500.0,3250.0,22625.0,38256.53538939458
2024-01-07,24000.0,PRD-041,2024,1,1,2500.0,4000.0,80000.0,4000.0,13250.0,27625.0,36266.088383869945
2024-01-14,12000.0,PRD-041,2024,1,2,24000.0,2500.0,4000.0,80000.0,18000.0,10625.0,9843.568120012857
2024-01-21,4000.0,PRD-041,2024,1,3,12000.0,24000.0,2500.0,4000.0,8000.0,10625.0,9843.568120012857
2023-06-11,80000.0,PRD-042,2023,6,23,0.0,0.0,0.0,0.0,80000.0,80000.0,0.0
2023-06-18,0.0,PRD-042,2023,6,24,80000.0,0.0,0.0,0.0,40000.0,40000.0,56568.5424949238
2023-06-25,16500.0,PRD-042,2023,6,25,0.0,80000.0,0.0,0.0,8250.0,32166.666666666668,42238.41063929055
2023-07-02,0.0,PRD-042,2023,7,26,16500.0,0.0,80000.0,0.0,8250.0,24125.0,38053.41640378693
2023-07-09,12500.0,PRD-042,2023,7,27,0.0,16500.0,0.0,80000.0,6250.0,7250.0,8529.36105461599
2023-07-16,4000.0,PRD-042,2023,7,28,12500.0,0.0,16500.0,0.0,8250.0,8250.0,7577.378614446205
2023-07-23,16000.0,PRD-042,2023,7,29,4000.0,12500.0,0.0,16500.0,10000.0,8125.0,7397.916373322064
2023-07-30,0.0,PRD-042,2023,7,30,16000.0,4000.0,12500.0,0.0,8000.0,8125.0,7397.916373322064
2023-08-06,0.0,PRD-042,2023,8,31,0.0,16000.0,4000.0,12500.0,0.0,5000.0,7571.877794400365
2023-08-13,32000.0,PRD-042,2023,8,32,0.0,0.0,16000.0,4000.0,16000.0,12000.0,15318.833724101409
2023-08-20,12000.0,PRD-042,2023,8,33,32000.0,0.0,0.0,16000.0,22000.0,11000.0,15099.6688705415
2023-08-27,12000.0,PRD-042,2023,8,34,12000.0,32000.0,0.0,0.0,12000.0,14000.0,13266.4991614216
2023-09-03,16000.0,PRD-042,2023,9,35,12000.0,12000.0,32000.0,0.0,14000.0,18000.0,9521.904571390467
2023-09-10,20000.0,PRD-042,2023,9,36,16000.0,12000.0,12000.0,32000.0,18000.0,15000.0,3829.708431025352
2023-09-17,0.0,PRD-042,2023,9,37,20000.0,16000.0,12000.0,12000.0,10000.0,12000.0,8640.987597877147
2023-09-24,16000.0,PRD-042,2023,9,38,0.0,20000.0,16000.0,12000.0,8000.0,13000.0,8869.42313043338
2023-10-01,0.0,PRD-042,2023,10,39,16000.0,0.0,20000.0,16000.0,8000.0,9000.0,10519.822558706333
2023-10-08,48000.0,PRD-042,2023,10,40,0.0,16000.0,0.0,20000.0,24000.0,16000.0,22627.41699796952
2023-10-15,500.0,PRD-042,2023,10,41,48000.0,0.0,16000.0,0.0,24250.0,16125.0,22510.645629716324
2023-10-22,16000.0,PRD-042,2023,10,42,500.0,48000.0,0.0,16000.0,8250.0,16125.0,22510.645629716324
2023-10-29,0.0,PRD-042,2023,10,43,16000.0,500.0,48000.0,0.0,8000.0,16125.0,22510.645629716324
2023-11-05,52000.0,PRD-042,2023,11,44,0.0,16000.0,500.0,48000.0,26000.0,17125.0,24407.56371837768
2023-11-12,0.0,PRD-042,2023,11,45,52000.0,0.0,16000.0,500.0,26000.0,17000.0,24522.098876999364
2023-11-19,0.0,PRD-042,2023,11,46,0.0,52000.0,0.0,16000.0,0.0,13000.0,26000.0
2023-11-26,16000.0,PRD-042,2023,11,47,0.0,0.0,52000.0,0.0,8000.0,17000.0,24522.098876999364
2023-12-03,32000.0,PRD-042,2023,12,48,16000.0,0.0,0.0,52000.0,24000.0,12000.0,15318.833724101409
2023-12-10,12000.0,PRD-042,2023,12,49,32000.0,16000.0,0.0,0.0,22000.0,15000.0,13216.151734399338
2023-12-17,0.0,PRD-042,2023,12,50,12000.0,32000.0,16000.0,0.0,6000.0,15000.0,13216.151734399338
2023-12-24,16000.0,PRD-042,2023,12,51,0.0,12000.0,32000.0,16000.0,8000.0,15000.0,13216.151734399338
2023-12-31,0.0,PRD-042,2023,12,52,16000.0,0.0,12000.0,32000.0,8000.0,7000.0,8246.21125123532
2024-01-07,64000.0,PRD-042,2024,1,1,0.0,16000.0,0.0,12000.0,32000.0,20000.0,30287.51117760146
2024-01-14,4000.0,PRD-042,2024,1,2,64000.0,0.0,16000.0,0.0,34000.0,21000.0,29461.83972531247
2024-01-21,0.0,PRD-042,2024,1,3,4000.0,64000.0,0.0,16000.0,2000.0,17000.0,31390.019645316144
2023-06-11,7500.0,PRD-043,2023,6,23,0.0,0.0,0.0,0.0,7500.0,7500.0,0.0
2023-06-18,2500.0,PRD-043,2023,6,24,7500.0,0.0,0.0,0.0,5000.0,5000.0,3535.5339059327375
2023-06-25,0.0,PRD-043,2023,6,25,2500.0,7500.0,0.0,0.0,1250.0,3333.3333333333335,3818.8130791298663
2023-07-02,0.0,PRD-043,2023,7,26,0.0,2500.0,7500.0,0.0,0.0,2500.0,3535.5339059327375
2023-07-09,10000.0,PRD-043,2023,7,27,0.0,0.0,2500.0,7500.0,5000.0,3125.0,4732.4236215002275
2023-07-16,5000.0,PRD-043,2023,7,28,10000.0,0.0,0.0,2500.0,7500.0,3750.0,4787.13553878169
2023-07-23,0.0,PRD-043,2023,7,29,5000.0,10000.0,0.0,0.0,2500.0,3750.0,4787.13553878169
2023-07-30,0.0,PRD-043,2023,7,30,0.0,5000.0,10000.0,0.0,0.0,3750.0,4787.13553878169
2023-08-06,0.0,PRD-043,2023,8,31,0.0,0.0,5000.0,10000.0,0.0,1250.0,2500.0
2023-08-13,17500.0,PRD-043,2023,8,32,0.0,0.0,0.0,5000.0,8750.0,4375.0,8750.0
2023-08-20,2500.0,PRD-043,2023,8,33,17500.0,0.0,0.0,0.0,10000.0,5000.0,8416.254115301732
2023-08-27,0.0,PRD-043,2023,8,34,2500.0,17500.0,0.0,0.0,1250.0,5000.0,8416.254115301732
2023-09-03,2500.0,PRD-043,2023,9,35,0.0,2500.0,17500.0,0.0,1250.0,5625.0,8003.905296791061
2023-09-10,17500.0,PRD-043,2023,9,36,2500.0,0.0,2500.0,17500.0,10000.0,5625.0,8003.905296791061
2023-09-17,35000.0,PRD-043,2023,9,37,17500.0,2500.0,0.0,2500.0,26250.0,13750.0,16137.430609197569
2023-09-24,0.0,PRD-043,2023,9,38,35000.0,17500.0,2500.0,0.0,17500.0,13750.0,16137.430609197569
2023-10-01,0.0,PRD-043,2023,10,39,0.0,35000.0,17500.0,2500.0,0.0,13125.0,16754.974385735917
2023-10-08,0.0,PRD-043,2023,10,40,0.0,0.0,35000.0,17500.0,0.0,8750.0,17500.0
2023-10-15,0.0,PRD-043,2023,10,41,0.0,0.0,0.0,35000.0,0.0,0.0,0.0
2023-10-22,0.0,PRD-043,2023,10,42,0.0,0.0,0.0,0.0,0.0,0.0,0.0
2023-10-29,0.0,PRD-043,2023,10,43,0.0,0.0,0.0,0.0,0.0,0.0,0.0
2023-11-05,2500.0,PRD-043,2023,11,44,0.0,0.0,0.0,0.0,1250.0,625.0,1250.0
2023-11-12,0.0,PRD-043,2023,11,45,2500.0,0.0,0.0,0.0,1250.0,625.0,1250.0
2023-11-19,2500.0,PRD-043,2023,11,46,0.0,2500.0,0.0,0.0,1250.0,1250.0,1443.3756729740644
2023-11-26,0.0,PRD-043,2023,11,47,2500.0,0.0,2500.0,0.0,1250.0,1250.0,1443.3756729740644
2023-12-03,0.0,PRD-043,2023,12,48,0.0,2500.0,0.0,2500.0,0.0,625.0,1250.0
2023-12-10,10000.0,PRD-043,2023,12,49,0.0,0.0,2500.0,0.0,5000.0,3125.0,4732.4236215002275
2023-12-17,0.0,PRD-043,2023,12,50,10000.0,0.0,0.0,2500.0,5000.0,2500.0,5000.0
2023-12-24,0.0,PRD-043,2023,12,51,0.0,10000.0,0.0,0.0,0.0,2500.0,5000.0
2023-12-31,0.0,PRD-043,2023,12,52,0.0,0.0,10000.0,0.0,0.0,2500.0,5000.0
2024-01-07,2500.0,PRD-043,2024,1,1,0.0,0.0,0.0,10000.0,1250.0,625.0,1250.0
2024-01-14,0.0,PRD-043,2024,1,2,2500.0,0.0,0.0,0.0,1250.0,625.0,1250.0
2024-01-21,0.0,PRD-043,2024,1,3,0.0,2500.0,0.0,0.0,0.0,625.0,1250.0
2023-09-10,200.0,PRD-044,2023,9,36,0.0,0.0,0.0,0.0,200.0,200.0,0.0
2023-09-17,0.0,PRD-044,2023,9,37,200.0,0.0,0.0,0.0,100.0,100.0,141.4213562373095
2023-09-24,0.0,PRD-044,2023,9,38,0.0,200.0,0.0,0.0,0.0,66.66666666666667,115.47005383792515
2023-10-01,0.0,PRD-044,2023,10,39,0.0,0.0,200.0,0.0,0.0,50.0,99.99999999999999
2023-10-08,0.0,PRD-044,2023,10,40,0.0,0.0,0.0,200.0,0.0,0.0,0.0
2023-10-15,0.0,PRD-044,2023,10,41,0.0,0.0,0.0,0.0,0.0,0.0,0.0
2023-10-22,0.0,PRD-044,2023,10,42,0.0,0.0,0.0,0.0,0.0,0.0,0.0
2023-10-29,0.0,PRD-044,2023,10,43,0.0,0.0,0.0,0.0,0.0,0.0,0.0
2023-11-05,0.0,PRD-044,2023,11,44,0.0,0.0,0.0,0.0,0.0,0.0,0.0
2023-11-12,0.0,PRD-044,2023,11,45,0.0,0.0,0.0,0.0,0.0,0.0,0.0
2023-11-19,0.0,PRD-044,2023,11,46,0.0,0.0,0.0,0.0,0.0,0.0,0.0
2023-11-26,0.0,PRD-044,2023,11,47,0.0,0.0,0.0,0.0,0.0,0.0,0.0
2023-12-03,0.0,PRD-044,2023,12,48,0.0,0.0,0.0,0.0,0.0,0.0,0.0
2023-12-10,0.0,PRD-044,2023,12,49,0.0,0.0,0.0,0.0,0.0,0.0,0.0
2023-12-17,0.0,PRD-044,2023,12,50,0.0,0.0,0.0,0.0,0.0,0.0,0.0
2023-12-24,0.0,PRD-044,2023,12,51,0.0,0.0,0.0,0.0,0.0,0.0,0.0
2023-12-31,0.0,PRD-044,2023,12,52,0.0,0.0,0.0,0.0,0.0,0.0,0.0
2023-06-11,0.0,PRD-045,2023,6,23,0.0,0.0,0.0,0.0,0.0,0.0,0.0
2023-06-18,0.0,PRD-045,2023,6,24,0.0,0.0,0.0,0.0,0.0,0.0,0.0
2023-06-25,0.0,PRD-045,2023,6,25,0.0,0.0,0.0,0.0,0.0,0.0,0.0
2023-07-02,0.0,PRD-045,2023,7,26,0.0,0.0,0.0,0.0,0.0,0.0,0.0
2023-07-09,0.0,PRD-045,2023,7,27,0.0,0.0,0.0,0.0,0.0,0.0,0.0
2023-07-16,2000.0,PRD-045,2023,7,28,0.0,0.0,0.0,0.0,1000.0,500.0,1000.0
2023-07-23,0.0,PRD-045,2023,7,29,2000.0,0.0,0.0,0.0,1000.0,500.0,1000.0
2023-07-30,0.0,PRD-045,2023,7,30,0.0,2000.0,0.0,0.0,0.0,500.0,1000.0
2023-08-06,0.0,PRD-045,2023,8,31,0.0,0.0,2000.0,0.0,0.0,500.0,1000.0
2023-08-13,0.0,PRD-045,2023,8,32,0.0,0.0,0.0,2000.0,0.0,0.0,0.0
2023-08-20,0.0,PRD-045,2023,8,33,0.0,0.0,0.0,0.0,0.0,0.0,0.0
2023-08-27,0.0,PRD-045,2023,8,34,0.0,0.0,0.0,0.0,0.0,0.0,0.0
2023-09-03,0.0,PRD-045,2023,9,35,0.0,0.0,0.0,0.0,0.0,0.0,0.0
2023-09-10,0.0,PRD-045,2023,9,36,0.0,0.0,0.0,0.0,0.0,0.0,0.0
2023-09-17,0.0,PRD-045,2023,9,37,0.0,0.0,0.0,0.0,0.0,0.0,0.0
2023-09-24,0.0,PRD-045,2023,9,38,0.0,0.0,0.0,0.0,0.0,0.0,0.0
2023-10-01,0.0,PRD-045,2023,10,39,0.0,0.0,0.0,0.0,0.0,0.0,0.0
2023-10-08,2000.0,PRD-045,2023,10,40,0.0,0.0,0.0,0.0,1000.0,500.0,1000.0
2023-10-15,0.0,PRD-045,2023,10,41,2000.0,0.0,0.0,0.0,1000.0,500.0,1000.0
2023-10-22,0.0,PRD-045,2023,10,42,0.0,2000.0,0.0,0.0,0.0,500.0,1000.0
2023-10-29,0.0,PRD-045,2023,10,43,0.0,0.0,2000.0,0.0,0.0,500.0,1000.0
2023-11-05,2000.0,PRD-045,2023,11,44,0.0,0.0,0.0,2000.0,1000.0,500.0,1000.0
2023-11-12,0.0,PRD-045,2023,11,45,2000.0,0.0,0.0,0.0,1000.0,500.0,1000.0
2023-11-19,0.0,PRD-045,2023,11,46,0.0,2000.0,0.0,0.0,0.0,500.0,1000.0
2023-11-26,0.0,PRD-045,2023,11,47,0.0,0.0,2000.0,0.0,0.0,500.0,1000.0
2023-12-03,1750.0,PRD-045,2023,12,48,0.0,0.0,0.0,2000.0,875.0,437.5,875.0
2023-12-10,0.0,PRD-045,2023,12,49,1750.0,0.0,0.0,0.0,875.0,437.5,875.0
2023-12-17,0.0,PRD-045,2023,12,50,0.0,1750.0,0.0,0.0,0.0,437.5,875.0
2023-12-24,0.0,PRD-045,2023,12,51,0.0,0.0,1750.0,0.0,0.0,437.5,875.0
2023-12-31,0.0,PRD-045,2023,12,52,0.0,0.0,0.0,1750.0,0.0,0.0,0.0
2024-01-07,0.0,PRD-045,2024,1,1,0.0,0.0,0.0,0.0,0.0,0.0,0.0
2024-01-14,0.0,PRD-045,2024,1,2,0.0,0.0,0.0,0.0,0.0,0.0,0.0
2024-01-21,0.0,PRD-045,2024,1,3,0.0,0.0,0.0,0.0,0.0,0.0,0.0
2023-06-11,200.0,PRD-046,2023,6,23,0.0,0.0,0.0,0.0,200.0,200.0,0.0
2023-06-18,0.0,PRD-046,2023,6,24,200.0,0.0,0.0,0.0,100.0,100.0,141.4213562373095
2023-06-25,0.0,PRD-046,2023,6,25,0.0,200.0,0.0,0.0,0.0,66.66666666666667,115.47005383792515
2023-07-02,0.0,PRD-046,2023,7,26,0.0,0.0,200.0,0.0,0.0,50.0,99.99999999999999
2023-07-09,0.0,PRD-046,2023,7,27,0.0,0.0,0.0,200.0,0.0,0.0,0.0
2023-07-16,0.0,PRD-046,2023,7,28,0.0,0.0,0.0,0.0,0.0,0.0,0.0
2023-07-23,0.0,PRD-046,2023,7,29,0.0,0.0,0.0,0.0,0.0,0.0,0.0
2023-07-30,0.0,PRD-046,2023,7,30,0.0,0.0,0.0,0.0,0.0,0.0,0.0
2023-08-06,0.0,PRD-046,2023,8,31,0.0,0.0,0.0,0.0,0.0,0.0,0.0
2023-08-13,0.0,PRD-046,2023,8,32,0.0,0.0,0.0,0.0,0.0,0.0,0.0
2023-08-20,0.0,PRD-046,2023,8,33,0.0,0.0,0.0,0.0,0.0,0.0,0.0
2023-08-27,0.0,PRD-046,2023,8,34,0.0,0.0,0.0,0.0,0.0,0.0,0.0
2023-09-03,0.0,PRD-046,2023,9,35,0.0,0.0,0.0,0.0,0.0,0.0,0.0
2023-09-10,0.0,PRD-046,2023,9,36,0.0,0.0,0.0,0.0,0.0,0.0,0.0
2023-09-17,0.0,PRD-046,2023,9,37,0.0,0.0,0.0,0.0,0.0,0.0,0.0
2023-09-24,0.0,PRD-046,2023,9,38,0.0,0.0,0.0,0.0,0.0,0.0,0.0
2023-10-01,0.0,PRD-046,2023,10,39,0.0,0.0,0.0,0.0,0.0,0.0,0.0
2023-12-03,48000.0,UNCLASSIFIED,2023,12,48,0.0,0.0,0.0,0.0,48000.0,48000.0,0.0
2023-12-10,0.0,UNCLASSIFIED,2023,12,49,48000.0,0.0,0.0,0.0,24000.0,24000.0,33941.12549695428
2023-12-17,0.0,UNCLASSIFIED,2023,12,50,0.0,48000.0,0.0,0.0,0.0,16000.0,27712.812921102035
2023-12-24,0.0,UNCLASSIFIED,2023,12,51,0.0,0.0,48000.0,0.0,0.0,12000.0,24000.0
2023-12-31,0.0,UNCLASSIFIED,2023,12,52,0.0,0.0,0.0,48000.0,0.0,0.0,0.0
2024-01-07,960.0,UNCLASSIFIED,2024,1,1,0.0,0.0,0.0,0.0,480.0,240.0,480.0
2024-01-14,0.0,UNCLASSIFIED,2024,1,2,960.0,0.0,0.0,0.0,480.0,240.0,480.0
2024-01-21,0.0,UNCLASSIFIED,2024,1,3,0.0,960.0,0.0,0.0,0.0,240.0,480.0
